"V1","V2","V3","V4","V5","V6","V7","V8","V9","V10","V11","V12","V13","V14","V15","V16","V17","V18","V19","V20","V21","V22","V23","V24","V25","V26","V27","V28","V29","V30","V31","V32","V33","V34","V35","V36","V37","V38","V39","V40","V41","V42","V43","V44","V45","V46","V47","V48","V49","V50"
NA,0.03928026152701,0.621592710630075,0.193084959284948,0.766394088938382,0.935789501009641,0.382016514767137,0.973677208862567,0.538711534520486,0.294108703963987,0.392502373254267,0.541316007006566,0.856706686379063,0.921487830387848,0.55762467598037,0.496207692303525,0.989879212713386,0.275159576959757,0.305226897242291,0.344799772632562,0.0139686053386344,0.300782760495677,0.12066944535766,0.303062217473927,0.957101718803093,0.950641414838546,0.0117764016392321,0.897324380372461,0.914118600425414,0.240237276390455,0.0622572364123015,0.398595966992976,0.182972440347227,0.854566896447973,0.294273788870147,0.0874169704254194,0.576825530572008,0.832449753596403,0.647364395416855,0.335298159925565,0.96955930652993,0.626690945347715,0.936921725778345,0.440678277626106,0.843848137594468,0.389848125979934,0.516593986905084,0.692433759659277,0.970688717076045,0.283879721884783
0.428323920020627,NA,0.429564204074966,0.0459622309882172,0.270411472203287,0.402526943944576,0.787790676596371,0.333868468706912,0.42196022334951,0.806998203905869,0.372254348150838,0.95465266315408,0.870987235743383,0.487620460040628,0.687366062700417,0.994614661850723,0.279951002682484,0.252185078185166,0.997275516563099,0.552087961687402,0.841855450968776,0.723099378217807,0.0824390195547714,0.271827310327382,0.83695826535274,0.353782413883816,0.764763537191858,0.754419772899408,0.2491977819054,0.841567062670736,0.795602106260005,0.902256476310851,0.320111413388157,0.53429304924175,0.267539410379222,0.55580265900748,0.634000080387474,0.11007991447912,0.427339945750465,0.742083790565739,0.825519468510737,0.132409116908075,0.0746380189901372,0.0616018743684226,0.921797158321961,0.0969940490084717,0.386300386453613,0.0566536492252418,0.493026365681428,0.444075186412041
0.328227158666112,0.787440093179244,NA,0.678588100756527,0.368684197837837,0.227327702913834,0.710219667817979,0.968073004451863,0.717401583748617,0.923735977054225,0.320692525244333,0.5907060520986,0.451284392668957,0.550690780882863,0.664785235759884,0.701251566990963,0.728768969264539,0.84348964973841,0.291726070033589,0.468186080707606,0.482727128510511,0.653338955042828,0.861797962153109,0.257842876842313,0.422803549182799,0.878199722005543,0.665103676091552,0.125297747397099,0.00128287502879235,0.971312291093362,0.536619036189656,0.477113598930635,0.71990423239387,0.786905262381862,0.0563774945732437,0.0461047383632777,0.333448022386312,0.414267049879796,0.781060382745534,0.411479323497385,0.808063256314276,0.821460070554647,0.022593458330569,0.343996186255641,0.157116288921595,0.866027905533847,0.41563546239652,0.414092492118203,0.803667228270792,0.561271579758138
0.600870395802803,0.688066413616987,0.212396932535666,NA,0.74366282863864,0.287614891745352,0.120683028669986,0.0713125319314762,0.884456730299447,0.964452279305886,0.020771039533303,0.729489165743217,0.980523529862065,0.973407313387368,0.678929829775102,0.131039695204892,0.0469048749006891,0.547874582729802,0.694748816894761,0.964255483149733,0.542306725372768,0.228675115546034,0.613064955634518,0.829430736143878,0.166565293236267,0.26087119750583,0.265974596964556,0.98719190422382,0.703054955260177,0.15185547790051,0.785766832588178,0.691709793234047,0.605560249689196,0.964058322926373,0.668126496304488,0.62485078418121,0.385930291652172,0.527758524193188,0.69095272259314,0.186758511722819,0.58640851521822,0.0947137310993511,0.856500188453562,0.299312115395927,0.177594484515121,0.406696342080961,0.737828487442521,0.978432033999445,0.258238669296223,0.664745723021031
0.0868704348960499,0.420282829617265,0.992080978169395,0.661947659409062,NA,0.373209090671172,0.967426893508517,0.106420367681699,0.892408656180626,0.990457379331387,0.7329496976099,0.817785912316683,0.316129563906895,0.488336034878867,0.901560895931714,0.592236439920619,0.229020258319489,0.782847936307972,0.0446990868451179,0.961831472098734,0.34035744442861,0.0285352496220605,0.222885875906827,0.481132935083067,0.18348364135194,0.770386309428752,0.23815532307056,0.143117505028509,0.636490628489176,0.747310984183945,0.506882500942911,0.15236968178413,0.385600304400646,0.158074521703221,0.211174173398691,0.789968955503001,0.66703606173769,0.166927783184082,0.871231674203777,0.0900958052669159,0.891333569665892,0.655348461502077,0.761811562694975,0.2675293418055,0.398023399331099,0.218778387450042,0.192912808928542,0.214899691246814,0.564460862048612,0.421094744384121
0.989895534573513,0.117416355850241,0.364771275110764,0.949183672418911,0.507975679864692,NA,0.237568483983147,0.96016973901209,0.244728025301801,0.28286087431969,0.513019690618541,0.4504709092683,0.0986081904810214,0.77413819260808,0.500072520032617,0.880289391439159,0.772696947551496,0.022902498094493,0.645988979967795,0.137833661883772,0.754889561590639,0.71505052350616,0.209913720776811,0.64650557258842,0.879564646510931,0.315931008761759,0.908004492140379,0.898481197260851,0.984508742004423,0.665481064920607,0.897616896965091,0.724955737918697,0.583669678789685,0.274830270153019,0.722411253077046,0.499653641576279,0.809475437073617,0.31215307147583,0.162630902373099,0.162834357510002,0.285613303259694,0.414936693608966,0.148089773704566,0.409020385132852,0.723821951030169,0.0425245363568509,0.00452379669574877,0.0208501450884304,0.788661169876986,0.499098990316524
0.429794439611468,0.954874085283727,0.276974340071223,0.439465105230473,0.486146035854636,0.972536071856431,NA,0.00429966933776652,0.0431826027247396,0.603458490353022,0.482191679118247,0.627815003030517,0.768697031806362,0.159543232871016,0.833193725867184,0.992315553990991,0.242714295735125,0.801030864818425,0.704698323952476,0.671648294384209,0.147729427903915,0.0740043374066383,0.709268601424873,0.577394862290126,0.772344087966447,0.578072522773365,0.612935352013203,0.0327304508398695,0.175022361304017,0.0630362968661346,0.152516219607336,0.337941571806763,0.704753299610441,0.610107583339604,0.24220011318729,0.90347837756195,0.426332580924977,0.320872191462789,0.835256501699342,0.5949073435371,0.333857585693846,0.976020808769285,0.890810770274084,0.507748362550765,0.0571915858534629,0.118769698989715,0.998711603785176,0.79656635913608,0.990314276607868,0.870526626269938
0.804892303670925,0.142846487075519,0.505914424908859,0.221884494764744,0.241612812943623,0.654000212647967,0.664080363272279,NA,0.513201697929738,0.168440192669881,0.753653556054203,0.305276859100789,0.779632250020136,0.562127170373521,0.948426464411793,0.0394880134977086,0.993951311017474,0.461530153734596,0.691435061303106,0.101132820075411,0.824553702432957,0.099372159330271,0.400251751866667,0.137384193450883,0.918898827393003,0.237848897772885,0.161810291356183,0.117709915376207,0.25672916592106,0.832488842231536,0.481296521894798,0.206854190834039,0.0320598406139141,0.782216218876123,0.634425849858156,0.780191825931528,0.373295409600465,0.472851342519944,0.146591015320257,0.121246349600411,0.901934803270937,0.000143866746886988,0.84319175486321,0.995202230170322,0.996592117501111,0.717637525477985,0.0301285636115814,0.202039096864455,0.721110519937337,0.345205983929672
0.764388476053063,0.0442533779622603,0.952164561258664,0.881502255235601,0.130556974143576,0.380899691910305,0.648329192199945,0.587601046920525,NA,0.51380783036739,0.456009472212883,0.713869984581116,0.080451717464,0.989471253866844,0.324874863983085,0.671073408240944,0.185023252535896,0.196071688307677,0.416474348200318,0.498306384696315,0.804188123903521,0.700086105415717,0.150407061466496,0.438347467679534,0.919921629426259,0.145938332266114,0.166792149345804,0.659985639550056,0.621466797235727,0.889730490704186,0.895866017786468,0.553437270734715,0.547152946099318,0.816027839583952,0.33049995485934,0.848017140133357,0.654233344308242,0.119515923725453,0.223407595821272,0.0880342771992806,0.489673076939699,0.850588112086525,0.669144452980413,0.506429592019233,0.0769034609247857,0.715529580111153,0.0138942428800469,0.785010614577734,0.253549991435124,0.664949442952121
0.700403018445157,0.949229873090953,0.879329872810267,0.430971908660232,0.49198094748426,0.662466149821093,0.894672455551861,0.0824155009081129,0.630844635810483,NA,0.650679325701869,0.416471419060118,0.289431349197683,0.86905073615854,0.124248935313686,0.495946301245821,0.245262110388291,0.0781158282976913,0.280063716412226,0.776487918841699,0.739871160682451,0.125223318135403,0.413263581239341,0.316136310398518,0.0280376368582774,0.246370688940656,0.719369342937071,0.19294536465872,0.00245488191558459,0.759453841846907,0.2568848964912,0.082059034059564,0.322828344831446,0.82424189823755,0.599247776953986,0.55057650859137,0.500351777551052,0.369475185889622,0.335838180702253,0.146877406287476,0.0490435543189553,0.252554635387734,0.966748433031166,0.494243088516072,0.407780056140236,0.356794311131832,0.31422573249162,0.618380187959402,0.360235860412574,0.0983538631387179
0.815905665021081,0.456369650570208,0.212184585849824,0.26635430026059,0.392201857512929,0.646848646603371,0.806300412993208,0.859161256365062,0.714776344233048,0.348057143358817,NA,0.0543243767892903,0.166136661917147,0.15859865042492,0.498786510190783,0.132174455534007,0.705378177261008,0.764555389342134,0.649326083651227,0.337777547290698,0.270261484059702,0.349630629501619,0.0771326251826369,0.118813600602586,0.502762456210835,0.46327136749758,0.554045318698398,0.888679706577582,0.181120568348397,0.395760879891072,0.337205878396655,0.408555968599905,0.263825190831187,0.895450219856668,0.0944681857054024,0.101486718942775,0.635057527502612,0.773614331633739,0.618373074635836,0.000322165356776528,0.682258064445203,0.570659277298384,0.455029607280609,0.606019483172478,0.995406415977139,0.58589361919695,0.451841802989864,0.893096842921432,0.723157280518346,0.660844346500714
0.191309210851224,0.15244521064929,0.71957843837985,0.184283099277513,0.554623055615849,0.61259661902975,0.0488652159657067,0.88685478363301,0.13754301382086,0.00833804175564298,0.147295770981019,NA,0.235583712415336,0.782860994039189,0.337913224245282,0.738237214515448,0.723787131612867,0.386698126376535,0.957223922908249,0.379311778309179,0.130720163292512,0.955985170320711,0.801272762304518,0.612935967889613,0.159217264661535,0.0165369881333262,0.154242574097994,0.667226197491179,0.279987948031108,0.502252025588288,0.897150492108134,0.245087622144728,0.200798397545366,0.782580015485563,0.633056857333801,0.782212782737689,0.171813465880363,0.930329904834892,0.600381059965096,0.0177864175685626,0.637865865763575,0.668163441875036,0.883434673262013,0.566079576426947,0.222731358556069,0.88667899573681,0.560622655857983,0.66892835206984,0.825967086835186,0.261010450582517
0.813330438729592,0.205451932168825,0.750065069228841,0.784998534363961,0.587416315792802,0.0359403688070041,0.385472930867741,0.216818615492036,0.738717651636852,0.036432249136834,0.0560001060618916,0.287945231738495,NA,0.011722731527879,0.0690956524369206,0.376531407606141,0.511443533733951,0.17206915019231,0.59645610232703,0.467902362257333,0.787080516380366,0.00366956783681217,0.926804292438542,0.114078015096196,0.833828379942877,0.891845636617431,0.70153032048285,0.327758294638497,0.508237191547738,0.831413169029762,0.978134211671865,0.942834047910937,0.721990591624354,0.219180800940272,0.187783012433237,0.564305545593471,0.863850988808786,0.571848733662547,0.0341538008572587,0.00527521031529056,0.870186234497162,0.671447605036244,0.341830420892303,0.49515571540366,0.145575368504132,0.887053409514939,0.598583232002467,0.210273920424429,0.212180231731983,0.160964437895442
0.466037974091045,0.120456426917149,0.191834047831093,0.646709374970871,0.870946641057817,0.494150248677712,0.229178818123746,0.955974195410583,0.402755169335944,0.144784793690431,0.319028821173671,0.423510788764077,0.446119545140442,NA,0.88889752905452,0.73834710241758,0.741867684421241,0.89819933741481,0.0300623366034417,0.328020980389534,0.101132953314921,0.607257620111345,0.788604738623828,0.465028961847187,0.573774518040618,0.404576913770901,0.830979431900825,0.631150167308574,0.715286917075742,0.957707877825065,0.0173713107140188,0.068851503032713,0.414229693265872,0.93924377942121,0.00166978078601208,0.931044835131115,0.367330073496945,0.636588199400363,0.908542496463577,0.876229605297767,0.671537532360299,0.173561633276854,0.249271135887892,0.60666132357589,0.404920597558347,0.375224020961246,0.0993642158153588,0.285872350360668,0.795874913578736,0.342869347170833
0.327890995389326,0.643656107522126,0.93033542708489,0.573785504449843,0.0887514339324102,0.895726552574667,0.0294248014045635,0.642722690802166,0.601610763365703,0.00183735503655459,0.969912377943236,0.175926266089917,0.75326760341503,0.00410761388664207,NA,0.49667608448394,0.374366923995599,0.189325593735141,0.7866454633764,0.384436652221262,0.0707587121692222,0.787711171183401,0.864277073068503,0.646281052535621,0.131075501858789,0.223483499619849,0.338421296676046,0.966355380720284,0.661701069689399,0.110246898564008,0.882834611036391,0.176677949823221,0.0163536894729972,0.548504621223962,0.360750196158975,0.39698359204518,0.698889530669295,0.89565869821396,0.0403926469271758,0.869699457289538,0.601250575775415,0.572425899319238,0.226552499979849,0.268104539717451,0.393729414788092,0.65161723911983,0.126917537074726,0.631522525733014,0.470047583281454,0.978387285252817
0.204293683838927,0.181182730388453,0.183947384925304,0.82549265085177,0.214119846319986,0.856419166119735,0.426930327956007,0.221141383976656,0.164820392884448,0.396398300674406,0.432315285540985,0.0747616599034044,0.924641835166515,0.170715567374545,0.67836515820029,NA,0.0834704299737921,0.840235220508941,0.609258365758911,0.762973446834633,0.0169287431805296,0.169119166382077,0.0428287156122798,0.358528131479511,0.826106296039017,0.666451687310598,0.178812671191484,0.846166772726128,0.491819316090413,0.201043182776697,0.203102224779489,0.806212311363949,0.978674153962074,0.52724442067178,0.894396561722996,0.48879191323377,0.294320879742664,0.933433296898859,0.53895738649086,0.00753880081914256,0.554138592485976,0.594019161384487,0.938027332514012,0.664482068618492,0.585789627412029,0.44767244172331,0.583935157959637,0.863617150689419,0.694253875019719,0.677786552710478
0.632407622425557,0.729410202345461,0.154245976690261,0.697611065957796,0.0884414605892965,0.930829701011415,0.361642487480514,0.34875081510199,0.954534959504993,0.0230206238369275,0.469206711030934,0.143331262984084,0.884223429337192,0.000801150652167222,0.620670392288819,0.850834191523565,NA,0.218224324084503,0.145719035224655,0.0831416523036083,0.119500447348278,0.24984314897761,0.38862487829698,0.358239391756265,0.0380811963518972,0.241043457374652,0.92612267506936,0.298189494178185,0.0955298933930413,0.776234138963297,0.134747324788862,0.152102949209359,0.855573084554393,0.810820723840646,0.849564636050378,0.202293347581023,0.393876642660346,0.0847410277578884,0.000443834348203041,0.00999462685123967,0.821707451823164,0.633789821963886,0.789188981159457,0.869948606511883,0.0110064245424265,0.687707465018106,0.615138841349015,0.82016825758594,0.291710638975132,0.868451560127151
0.599687896760702,0.081793889314526,0.627361211190694,0.930155227401564,0.847953992774168,0.592310104004831,0.540377048849432,0.97213480798425,0.713178885419392,0.00197913486155691,0.412579773940925,0.766669835097283,0.271024030727937,0.164017841346956,0.109579531191242,0.202464857315225,0.0930258450349758,NA,0.579449747987497,0.419979673421459,0.434637879192035,0.349114978792117,0.39494793202593,0.848349908346106,0.750267671695797,0.430957538652324,0.181143594326837,0.495700048874379,0.881682742215444,0.323904340964854,0.594718349942304,0.19012402982367,0.241934493959759,0.277701152616982,0.98910911610568,0.448538442625388,0.685729049666421,0.562063421519337,0.109227434744126,0.00807936128405713,0.48911919087565,0.965468881159489,0.432226354462615,0.071411186795287,0.262409457468854,0.161599725418993,0.0463540296428617,0.380066585649933,0.68861338445665,0.561503670042725
0.455141336193504,0.0684620964402253,0.942045290202467,0.668993661626048,0.843795836854147,0.328984502961476,0.106909870613901,0.550196383932631,0.294381505343751,0.449129103318853,0.362542159125146,0.890809674734369,0.559018728884664,0.906248159382237,0.405461788271922,0.292528742209391,0.00316942556772654,0.492058019619942,NA,0.563487963684092,0.0709608243256771,0.246114481352616,0.353297544349551,0.640143101466791,0.594936957304665,0.451795031866681,0.540149582188138,0.0507627085183404,0.397937978930825,0.0135477670842595,0.55623949513622,0.0502595592267998,0.235002559119371,0.416516344979806,0.877471390693096,0.332646138274182,0.455745851785445,0.0863497654490621,0.35501633371835,0.624816376281683,0.423224478089894,0.786537955405812,0.476152821848335,0.396669190571085,0.22855157835626,0.0836767010702034,0.599451157970007,0.840968102003447,0.344486288324751,0.746918523255294
0.253703994922544,0.307494440971964,0.154038028749377,0.998158611806679,0.00755734654319208,0.923490893336912,0.822899694882912,0.131916740220508,0.0606270718544886,0.451994197182516,0.181288970457172,0.192847608837543,0.409304525912668,0.0283588237470107,0.505244496655062,0.797134665417537,0.982999488713285,0.504360182369165,0.174972498338667,NA,0.774118313962796,0.36751101842085,0.691597234596053,0.175520266683974,0.239100657836734,0.529220602683134,0.965365802707539,0.88437006058901,0.0123446549752986,0.750233597257216,0.124116254752739,0.35975347142892,0.800687669283247,0.0928501375730852,0.654739426402561,0.178563243110795,0.857564982001282,0.00294141356401588,0.235869119537621,0.366131188241305,0.576704682859552,0.917667783729461,0.693221144118137,0.593877858178621,0.571456108238719,0.318781499618123,0.668870104117661,0.715077638738138,0.243280096253451,0.227156526430505
0.662460837033759,0.226296692139508,0.0249663009953291,0.25750043388863,0.872226324741747,0.217806558308756,0.814491838639692,0.426509362053987,0.975677607062185,0.700258151798874,0.927575010341647,0.798949158883318,0.346449235836023,0.0422789724408338,0.81034324522738,0.151314025086152,0.013195876303155,0.0763616549498849,0.0716265538075651,0.0619141810878175,NA,0.125705812779191,0.297392257346025,0.476229680840098,0.688289176093879,0.423242319002044,0.675663027376764,0.46051479266231,0.580272613626237,0.566806761155648,0.132880260767897,0.877976582785735,0.521070562628296,0.39505775782727,0.170643096186745,0.936256734781662,0.2354853874106,0.521589936665076,0.756479312430223,0.0382720272098358,0.753361137135456,0.853283789128588,0.368321453495374,0.912239432253816,0.470301006820387,0.54412766239221,0.824591859732913,0.974892597456771,0.78488885757616,0.587755243287275
0.158198044196592,0.358860847529774,0.0560327771126773,0.0875703205370092,0.5036779244989,0.356480559305922,0.993802705009265,0.29642899458666,0.74820449472739,0.20412530230551,0.178409829153039,0.944290219962393,0.495007793376963,0.0936792734093856,0.831420318035511,0.661005129576115,0.814031377035348,0.393439781062866,0.196337062261343,0.250545155224471,0.52307332870829,NA,0.288937182948612,0.302075719920437,0.333488003757237,0.164553743434815,0.0134023763828505,0.0411073178464107,0.676691373996458,0.884664035589479,0.623331541930429,0.0629934400347063,0.295599877029766,0.423345877141505,0.943068755100221,0.911229403519987,0.798142494856707,0.701825600304733,0.00804179693463154,0.0471162671574189,0.165769066278326,0.576381369726324,0.241453648840058,0.256377865634821,0.393656012202424,0.163428578954446,0.455631469625805,0.0560739421256856,0.554340379664531,0.74541279324287
0.134468483957925,0.119362187626342,0.536528051322576,0.731146160754831,0.460290849851201,0.240419703572116,0.0789063021524862,0.679746261248558,0.617854724581361,0.645006222984174,0.863893999780124,0.514411922317611,0.507154848867296,0.0475188582992462,0.483736005965109,0.668311357952001,0.60063353573587,0.233481120491962,0.0879155441799878,0.167137938206759,0.00713489743579969,0.0985904132676655,NA,0.801284316177428,0.130079594095291,0.957771825697778,0.121985168127539,0.542678161831152,0.235031163517716,0.750084025189244,0.986618117336351,0.996753847697235,0.944498023389697,0.978993871409377,0.0986951740335732,0.154666576671528,0.0262085971016678,0.669937285690424,0.647787513697157,0.607682660208052,0.394186106004273,0.802832017627504,0.17708816926891,0.652043977983973,0.22856112092503,0.977436809198331,0.199345130203429,0.0715765352668797,0.334565317950073,0.175089912423662
0.199986513543949,0.639107301136386,0.448973619914706,0.648914056851115,0.0470755334644311,0.370136261935302,0.948912645907727,0.592022132611842,0.25156463658173,0.0397903193085883,0.372806261043362,0.749037459244403,0.626663359254779,0.797888499277034,0.801715745180362,0.837737595495686,0.23269196008413,0.915517143171917,0.599557938491055,0.513156334533136,0.360520490118633,0.29946097728605,0.759678434101369,NA,0.101438178118955,0.0442045379285685,0.490323415728969,0.502125066620586,0.902699122758203,0.736693492015321,0.020886116295857,0.108581931127436,0.503329704364589,0.935617917778612,0.56084559619837,0.931962769461615,0.0594125651503272,0.632430150650663,0.193217287177649,0.00063292467966624,0.0910299955078529,0.0473874839947342,0.350417505250453,0.451932971960161,0.134078569091878,0.557996741449291,0.347397557861686,0.0385216950534219,0.819503796021875,0.935957182799605
0.553592545867909,0.135842377630069,0.248867522162551,0.188010458644052,0.624226452921668,0.740631580216482,0.189237215224425,0.375822751094091,0.0785476972695386,0.170400941520228,0.650175926882988,0.0715343480273365,0.563260487837544,0.815992915331841,0.0430745360552208,0.412783676509813,0.246220837591611,0.414721116182599,0.124316816702542,0.956314167833528,0.0963501969534073,0.995903431830999,0.208734965189021,0.943444166795297,NA,0.148375533797561,0.998793595945527,0.710368334862071,0.644878761264568,0.458532384493942,0.718810710694747,0.655166879863225,0.866433423870578,0.51524717206455,0.327772022586977,0.420465080294983,0.821886461062305,0.922067924989025,0.935954834545777,0.909879704556637,0.994793014315759,0.572106420102199,0.385395356464517,0.418386757739569,0.293638101094338,0.126751398601677,0.742385866556775,0.576643315199856,0.479324236035233,0.777640774019112
0.0626618983706254,0.195378314169627,0.878943219393334,0.132697699903517,0.124922334088664,0.959217453576288,0.712456061864102,0.515878492259039,0.967048012771173,0.543177453965071,0.0396207145733439,0.610621564281133,0.455415116565386,0.246577074705421,0.52115307442509,0.428277142472407,0.107846932883617,0.122438882592734,0.232000630742147,0.67282583905171,0.557928415476477,0.679820029305551,0.765085920884363,0.862672096880251,0.842289665830373,NA,0.416763273931234,0.602849297673473,0.195354765163235,0.258265410589967,0.495285055229087,0.278902458095326,0.9230991338592,0.474986618075715,0.918429746257264,0.892913225281167,0.778678530613036,0.743324346072887,0.343036971740707,0.947122367099309,0.864556854176577,0.771436376073211,0.551789388624778,0.155844359140707,0.594955331046236,0.0385810139682484,0.00220075871344812,0.164875976071006,0.522293637791282,0.963991022263647
0.486251937020404,0.0607484062718775,0.844814875988081,0.432812218705666,0.570914528716405,0.827860755442033,0.321490892844556,0.762924961353702,0.175561910185504,0.135438131187376,0.905661352131392,0.481142148719086,0.0286391935481415,0.818915449708162,0.859438535758205,0.68945033136898,0.393005220623439,0.21250695021029,0.727084164713592,0.834920120961358,0.034026315536286,0.528892924558316,0.0369631238868932,0.477724470377013,0.0332254065770735,0.635670213873052,NA,0.945392113480349,0.999646248657619,0.970155641825608,0.700281151689327,0.625128656254394,0.546476211888296,0.569600092759611,0.33153077624936,0.902254632380214,0.82053551724556,0.147939454509311,0.953205881076905,0.999888818842398,0.200848502117419,0.313403048543615,0.27730946358672,0.708413576288805,0.34131791769591,0.282759534094546,0.909618806189705,0.522260979231825,0.469691090102132,0.748896702884492
0.547821820510783,0.735356624423855,0.00608342913276635,0.259139687387214,0.405793951014468,0.407950371633944,0.894364379073376,0.0418625808701351,0.798142113346292,0.130204885986559,0.0566252855281413,0.977089069302503,0.851676645616496,0.42416146985936,0.906105826158585,0.935354485960536,0.0595942748220719,0.541850471625664,0.122016820280194,0.00220840263003839,0.393628867990225,0.25978808508903,0.519180737339268,0.73473659572228,0.0154443154391104,0.916914404284736,0.602937426631327,NA,0.635310216143488,0.7055174771622,0.287061982960397,0.475668657943967,0.591792573558608,0.44323680288704,0.589518663291064,0.928169924114114,0.253282038347492,0.583698306203784,0.0014681291593909,0.513734707624395,0.101892961000679,0.936259696272999,0.877880352823151,0.663049827394607,0.554226723509434,0.357986895633364,0.782875613720216,0.124721433693326,0.9211130741456,0.967861107768055
0.572955605508923,0.398822169814414,0.280864880255105,0.679215171200168,0.506344008332861,0.0125141982535286,0.401500439534821,0.357986277333866,0.760527350614234,0.592946240284415,0.145046629648472,0.853758529231837,0.780531684294362,0.841723449680534,0.397898650366686,0.512209927815829,0.132519946045543,0.319272731724024,0.567286475482865,0.787542387756556,0.569119932190437,0.27382397343347,0.353908838254476,0.457026135437358,0.560024190567383,0.982043806443866,0.573520583699632,0.560211123717134,NA,0.414206236420695,0.942345006520956,0.426122412214371,0.291052893575006,0.897932413990158,0.178165287508529,0.548526967700567,0.367863358238301,0.286926612596121,0.0123434152027378,0.000571500000947069,0.881231021940115,0.314351535814111,0.088015409032679,0.271605160512292,0.825880576369263,0.99198377055912,0.655341300161517,0.659318701081475,0.844307317079827,0.694140168131333
0.778297223934224,0.0470805307711293,0.938167329718137,0.242585335100248,0.162357579195165,0.651928132329885,0.625980946875281,0.437061828504154,0.840877513498845,0.941121861844438,0.957729832637283,0.00853564272299294,0.753977301415249,0.0941047152563022,0.7283117515204,0.608639798076317,0.99267422778899,0.743855906477646,0.785198198299011,0.363487390650139,0.840389366139498,0.950375438582693,0.249038338409704,0.419391661553715,0.614018730637608,0.232217450169105,0.471371526124335,0.434584651387429,0.538187374563546,NA,0.0101122114326108,0.376072440033684,0.787790876986162,0.42488090795255,0.27519980265836,0.114241577221217,0.624677976560055,0.0645304601125789,0.100132708711869,0.691246426024805,0.0947726603747954,0.231178278875531,0.126870442661225,0.441894756997167,0.643203406784016,0.149179377107757,0.27411745367892,0.0675986009209588,0.476067296819387,0.493912876928551
0.271687271386797,0.915610998107175,0.220439552122605,0.489186372181625,0.723002776585057,0.462504673628345,0.593019006499779,0.239856488781857,0.93940304018154,0.450961012527815,0.449686816641945,0.933165798696889,0.689073025503774,0.258053851354723,0.539740873029837,0.0674206625093236,0.235564485648831,0.223553529842491,0.684203424447926,0.753337780565437,0.479253568686046,0.817732694756532,0.00372305149958126,0.860811729654115,0.838632357624187,0.0936297809184701,0.784895011514077,0.788663349866009,0.923848131739001,0.679183580311008,NA,0.00824107559810392,0.320287805395473,0.114647758474011,0.998697833259333,0.558096541293283,0.642732813425931,0.376836922249138,0.376559397048641,0.235405035844973,0.576524521449618,0.610909663854143,0.974943644558799,0.238349406633137,0.847462172058115,0.916371339722041,0.164577769001006,0.358675255414547,0.314012768964039,0.242190114887585
0.255545850796017,0.177210634924685,0.284214798523872,0.593711772863625,0.439804272981875,0.101990357864028,0.386795604328447,0.0874600122153469,0.354486711157471,0.306900689785594,0.399464887434396,0.311684721621212,0.771094546080448,0.984905267369438,0.892520092426598,0.0254598454284793,0.679500595815829,0.55398612115299,0.182819411792255,0.186629101930981,0.0416417379757543,0.615380891692241,0.99608400970971,0.155063750599704,0.860471951737486,0.57964686949847,0.035673767731082,0.88019555602671,0.797735710106663,0.582591119184415,0.372938127709767,NA,0.0819326834279059,0.172181181807834,0.379553114528445,0.1795754446085,0.888899921218247,0.89847827117531,0.0919073790087352,0.189768460122703,0.501232960769944,0.884683337538386,0.386842038716146,0.207002822263833,0.786906951561684,0.776686270680703,0.882852507726075,0.96757549764469,0.216253584227665,0.629101464310396
0.718299962465512,0.529825473138669,0.541280475069267,0.400850123811897,0.623469680546392,0.00306818883437553,0.615899948993009,0.993356840136612,0.0663929507321384,0.503925278786484,0.447650996268448,0.285132952500948,0.517462236701342,0.728398541346418,0.838665145039425,0.607759085046012,0.315654083654941,0.032654683571679,0.412323640741918,0.232829696953032,0.325413174895571,0.738287542101645,0.935176968954222,0.375531576078781,0.108862896240584,0.706977794430705,0.377307283361737,0.518710956274968,0.238758615122472,0.762572474470593,0.335544722133155,0.02762276941032,NA,0.0404426227627685,0.993359739340553,0.293204913984344,0.00654191644104106,0.679736884736575,0.00105681997448672,0.358689628154538,0.32069764919116,0.174428418922259,0.817583396287238,0.434526825739728,0.118374894087875,0.727853743161272,0.0353589989409965,0.854298083881461,0.0530679220366595,0.444988818726485
0.208877686173805,0.841613195092001,0.229424142797161,0.861486728094791,0.36522134616979,0.218818183204747,0.138482380894069,0.226314488506727,0.638766000200367,0.319682871448438,0.448584122524915,0.285410664935396,0.828090208359525,0.0278883396503577,0.220154414149422,0.370190894109547,0.284916070553924,0.670959200572373,0.64021884700651,0.634773152298966,0.740233993825765,0.0206035512293686,0.0239079299932504,0.671153484845637,0.411377802648117,0.189385477321398,0.13954862724852,0.845369016909621,0.296704815278283,0.297271987257642,0.0358656914468461,0.673959155834335,0.898537197552959,NA,0.73154123826917,0.539758413592139,0.686049471753425,0.694111274920285,0.0881042051866494,0.0483151498061025,0.496491183699627,0.104781420582086,0.414544287366992,0.957931285604677,0.245591820998272,0.650203892650695,0.76542807434582,0.315041634778871,0.575247714466464,0.00312666533450692
0.152589944011371,0.872060620200045,0.285015322794771,0.825305341624963,0.303296574997988,0.916823645157495,0.857708260383859,0.0243143763328876,0.3295222036085,0.423166630941657,0.240284287987771,0.1978132227997,0.908724117383546,0.83691456992967,0.996019293274859,0.229790403054498,0.736313151317981,0.54598120666716,0.727487485159802,0.0396373923038167,0.133880260844564,0.397189552881119,0.0238297345216913,0.402533389449156,0.997208733561812,0.648168247829055,0.372520306677504,0.439850936560706,0.651694526655807,0.743692108303198,0.0519870544071464,0.85097096323052,0.220085441691436,0.399668480114252,NA,0.485077813551194,0.543843712007797,0.454161972493665,0.0963975449980291,0.1890135782269,0.852356853740628,0.0329465446485692,0.715509103762266,0.878937459512307,0.380593431240442,0.408562334062484,0.262633749835773,0.13455262967498,0.346515042415883,0.295286337343615
0.108975215347311,0.43357718484866,0.813516216659492,0.343236319116072,0.121309220194539,0.873020038713503,0.0190588998626061,0.317648855283976,0.0592491995172578,0.310590706651747,0.733682757094358,0.247606431964081,0.464707263078689,0.010470049082577,0.36807357744781,0.835790201868418,0.389103373776372,0.0373014754489688,0.0411729369154042,0.259011636007338,0.035844077517932,0.0787485396512288,0.209000558735919,0.0658360269856994,0.340557041906533,0.544477011242839,0.975876994872613,0.0531387870568772,0.837700456660906,0.193951598925933,0.745292268110219,0.342162701238816,0.141937388993443,0.0599358890971719,0.607817605924258,NA,0.655580309142317,0.121130537479025,0.109863487971524,0.431501159798113,0.36509439281719,0.854729765999454,0.626537702173861,0.251162834518452,0.0996328127949267,0.85521971608735,0.625619067436518,0.00694940850578997,0.373858410361114,0.838889877617292
0.566551455232008,0.577654272908704,0.308551013704779,0.143551791631483,0.110835492860129,0.185547780589546,0.243724336258575,0.07462852583327,0.803075399489664,0.0231932300520844,0.875112306922022,0.562657592215486,0.0136591256119291,0.877630567060485,0.0490890646151767,0.565236536664279,0.450493002098379,0.157148886273624,0.092473814022727,0.190858048254584,0.500681380345299,0.990552026535663,0.624146539037787,0.0856571108898804,0.623688085281662,0.60543304846084,0.620098358403901,0.441720037624143,0.523418852965787,0.350943024041307,0.469559869179655,0.0720036179097502,0.0199914883187744,0.704934271932973,0.488496900433412,0.436429370205629,NA,0.52025038571416,0.203856000919429,0.528934426334529,0.442892483732808,0.630229507012884,0.976568758844029,0.000976006754432826,0.981208323758164,0.0402189436455636,0.155297554762972,0.591148443489372,0.464701792707837,0.01132740270203
0.913114790512684,0.94925217528711,0.116187238038615,0.25668645292464,0.98541456203575,0.645649687321532,0.743957558575461,0.0389238915753188,0.576909151082326,0.537082750971741,0.949414994596308,0.104145915174571,0.887172168166835,0.195902404982056,0.471353332247712,0.033705344281722,0.075913138559186,0.952842280473641,0.887006341977667,0.00664017297958934,0.818715185417579,0.618865936090644,0.857859851163025,0.298177676286606,0.357916028230153,0.128674981758068,0.153709634201088,0.82205571436361,0.987424359489957,0.155083779382281,0.227459025110676,0.73893930914715,0.47210195288648,0.995339522513313,0.164429466525617,0.800657554856851,0.650372319298366,NA,0.00295725722040479,0.733746353180351,0.707425038770472,0.35056856524712,0.729530728790119,0.205088025537647,0.267762456631817,0.310827525696413,0.340658824210863,0.0962341924367235,0.44031197266265,0.345609495968614
0.0935006364263834,0.055289957681939,0.496800151507415,0.421017262286899,0.508462735451737,0.383161686177209,0.575443482134671,0.476766469492052,0.0761996626919238,0.241934241344721,0.962953486473974,0.827473156435157,0.228342199480256,0.211643178139636,0.449418571804456,0.771822689966042,0.00963476070429162,0.018009542294497,0.406713530511613,0.214440000945063,0.0801984852530865,0.0450470554607636,0.00148677056152776,0.246181553090101,0.968022895781211,0.954674837930461,0.33014179761772,0.945921059364593,0.868765855090892,0.536556739157891,0.64265013641706,0.270170767215013,0.0408728850482577,0.176672864008105,0.973938252161296,0.368508267591237,0.946499167112558,0.497730740622687,NA,0.0736890828351619,0.999474943332481,0.353891000737753,0.435125230749042,0.731928813945019,0.76100218778039,0.553050463923372,0.0648051475774059,0.359499097141141,0.0771840651860798,0.528733154579505
0.355349685701162,0.0639555436430696,0.624413818813997,0.875137926436146,0.716991125122005,0.828431656978629,0.876350445853665,0.920797188739471,0.597339082162806,0.0224329462298225,0.0206575445493525,0.788974301423461,0.327417282911309,0.0100767740737654,0.654169144869211,0.771042555889479,0.852211971650955,0.861569510356669,0.193598570076645,0.455259844955441,0.167412694034935,0.242995414527649,0.12865377182765,0.0458961513264216,0.108832464115006,0.534929504844712,0.1578333038518,0.106777437356614,0.218684027123199,0.923995295031172,0.213475678813361,0.651826348097072,0.818127240527029,0.787314985871621,0.509748561592485,0.49606100068342,0.364225484505755,0.170419695248712,0.265034912051398,NA,0.00156730077443424,0.83629601667286,0.368165908442008,0.440798296600064,0.321450684468612,0.383927954760073,0.946116339565207,0.172956846093281,0.317777636622647,0.789003490200047
0.206105637228556,0.72430311822448,0.525027254809078,0.719330710632912,0.757468923594328,0.742456552691766,0.734388418564158,0.319844870490833,0.486519507599488,0.547105766413678,0.532835648960887,0.158110699200997,0.359647223024174,0.046266395207518,0.703790191652466,0.5215103712688,0.0415605815349229,0.60505980670075,0.866680687223802,0.764118959824082,0.745897763852134,0.518420617777416,0.563368297060567,0.298467010541757,0.281436620334755,0.242051825389816,0.763802997447512,0.468462824071666,0.670658431215383,0.250691171112591,0.452182308059864,0.464845038720386,0.990912275488661,0.268724710932873,0.51995352631772,0.93991286105514,0.862602059235117,0.100363305441777,0.448246698884291,0.338730529283641,NA,0.881579377204491,0.171778242864529,0.620179499407387,0.0633257061029754,0.589082285635931,0.17544047720904,0.625312160982945,0.769962380688195,0.254236551011638
0.834446991418833,0.588982992575734,0.621528704278878,0.838034527117968,0.524779405366699,0.736738397618339,0.511877934205912,0.707201055420599,0.564713005535499,0.419135609485981,0.526402831512113,0.747648719037771,0.0658451742028374,0.0212195984409154,0.617390581944283,0.201449110794311,0.360853155873243,0.605776613001663,0.372833419647418,0.273681851130631,0.010117688773069,0.216055785565064,0.0489175346059116,0.822249499840788,0.316753933450935,0.126346853124319,0.953956740139293,0.441103697531311,0.18206687339017,0.1977617263948,0.877153667717992,0.182721547975229,0.48725339644006,0.692607935577948,0.117462596081024,0.160922387153986,0.0520456740988055,0.583916618864197,0.00224260966030927,0.284861773812095,0.146345139287921,NA,0.942397862830872,0.762763955810247,0.000738706827410928,0.123333687698081,0.490129384948158,0.329144199466941,0.844687018706738,0.814043470062857
0.227319291067227,0.715859136014926,0.303914679683217,0.183753197450325,0.185025197209914,0.432215135156364,0.310994810617515,0.757552610542618,0.331972679465454,0.417681297799365,0.463861735169805,0.0822190800048263,0.434563188383164,0.125254645879071,0.799479455295254,0.992090410017604,0.392363668524173,0.777369217831996,0.958641224259468,0.0149455144212427,0.690238635007884,0.0377038228149932,0.961638333912684,0.203937806490543,0.0594532955681625,0.375664630311881,0.191893535057795,0.699877409661787,0.443402151420101,0.60364237935276,0.503572008092913,0.974328138303201,0.246402766810319,0.064256967174249,0.587438742722721,0.764275559471764,0.0685181614531131,0.950388458080769,0.575907907004997,0.0310524640086769,0.63314182096846,0.650475427193487,NA,0.405029688825605,0.382843183040791,0.83516557518762,0.844238699862781,0.0401917708401072,0.177178421119244,0.0572620617765522
0.332912433244478,0.389186993483643,0.0983571845583865,0.44696809718012,0.199451878056304,0.930387700860367,0.0350536846839526,0.615117314208227,0.232914907562386,0.818333499627367,0.160558182110078,0.73251137048901,0.808962917313204,0.177459474480843,0.0507757213149729,0.990607908688608,0.679351843248853,0.561440484349014,0.410590142963342,0.851435667241274,0.338704001007433,0.539197032970143,0.596808099477491,0.888404815352575,0.200909183698724,0.468445588931136,0.660251109855089,0.127289148702343,0.30799804788717,0.223383854832711,0.739214001918093,0.129917673724164,0.384529667210997,0.905324839039256,0.029740810626647,0.997484917438922,0.473005693518456,0.0374970597119881,0.145728733592055,0.91258845944691,0.741361600496053,0.792663547386058,0.600804415455603,NA,0.89931477690373,0.0137888941618909,0.111728806387717,0.809726814624071,0.888089952254604,0.870671608147448
0.116874289092623,0.313690658049789,0.664442600785599,0.44967335843491,0.0226562718558461,0.465122931602241,0.658389785718738,0.120215077040477,0.384877510477912,0.57725236486921,0.898983306986795,0.421235845397513,0.97596843723504,0.0181647329254904,0.794409511444604,0.0654009888802565,0.543233144720132,0.96951298684524,0.546924121326016,0.499831488048347,0.00641820454221459,0.17560228947325,0.230593651049772,0.0235115112094296,0.731096315650956,0.334396412036267,0.0107485167352381,0.307499333421063,0.0387043964025692,0.339951077257787,0.647634611751167,0.0104775988654184,0.938285468778879,0.141848366286492,0.608799144486822,0.184149607178481,0.48348506899345,0.136149896381281,0.0512923095394377,0.353157839689658,0.542366939262847,0.265883638936387,0.430405127193524,0.40738876150938,NA,0.0334018440896131,0.0510654824256341,0.373843776711006,0.196961119872904,0.75907611098771
0.28133307684841,0.963930863530772,0.80606232355045,0.699500592572983,0.38386153123331,0.996037725752633,0.503399688300103,0.658869514090996,0.360304315209988,0.807697469886248,0.354070312220693,0.863716254198442,0.580005596620745,0.328402329695104,0.443667997864188,0.465926658392208,0.682030610717741,0.568437905326495,0.230125159366115,0.803180766624249,0.12379825375188,0.292759097596731,0.684727047242607,0.228412177380262,0.690632307579211,0.103551193325313,0.0332369342691219,0.340513565060531,0.587988323946352,0.807460954774397,0.526066129548011,0.190564741356559,0.0779928915642686,0.941882802515086,0.673282501158518,0.100067732658278,0.204649138853041,0.890559695730291,0.2180011662778,0.0562113033879194,0.769837535869945,0.326031529608609,0.492343576086794,0.242432430895534,0.921221083762265,NA,0.976109370599583,0.997756230778489,0.950808194109585,0.523179833778862
0.146128190393094,0.103255978725377,0.757265592579942,0.0120685178580457,0.591395049975356,0.374745681381782,0.147620741531769,0.980136983304477,0.520864064481044,0.928310882548522,0.689055545982161,0.526740188922524,0.201534820822101,0.203930914996788,0.19252225576609,0.0141694034114859,0.517299592953877,0.270470974825031,0.680747943011021,0.880755163520566,0.474515213959453,0.742035858160153,0.902749688987897,0.14692882982696,0.482765281599436,0.82720769194318,0.923285516572628,0.0575264864850824,0.767738015852972,0.933407232354156,0.226755491713493,0.654635012325237,0.132194166485992,0.34090870834239,0.124933380012955,0.187228278447602,0.604698974888101,0.510562929694446,0.671210683437901,0.204599064515494,0.0335366293602928,0.635561084536652,0.908446382136184,0.398735387509648,0.351350211072192,0.408397136149784,NA,0.363694091759469,0.179972096124903,0.536551146965977
0.292310076936013,0.883408508704058,0.771099367508996,0.752239276496735,0.838751391566154,0.977540023082839,0.295958523668374,0.237057532833458,0.833190995659863,0.717556020216232,0.548193234348778,0.388867159878782,0.176048247791773,0.878106023453083,0.00111386252488802,0.258226076938081,0.495642285963727,0.542074537855949,0.422718958157552,0.100618180325954,0.0810432659240565,0.159389564412647,0.837881664446254,0.411843557900279,0.142807547112004,0.509778550367523,0.28588789253699,0.0822014931990663,0.820922904093156,0.963562672081012,0.794735561770717,0.416417690146212,0.0903788905118985,0.93157997197154,0.34571564763647,0.54865460076733,0.289475763289082,0.371310433900822,0.0814329762975641,0.252782770129167,0.664087999367459,0.889435993311063,0.00883885343645956,0.322710740476504,0.539793419427561,0.354235440979589,0.42367465347,NA,0.608370588997474,0.108127216148037
0.73649516575551,0.636484647332636,0.9765008875069,0.30032386889428,0.397039599968293,0.816998334801201,0.495812943670327,0.250096351174485,0.0887079781652394,0.448729969686935,0.812343442414143,0.538254165548755,0.135265828471545,0.00835412573335058,0.7722718180435,0.356878002140623,0.855731972567815,0.646850724201147,0.843671143129324,0.225168924780378,0.55357152857741,0.18784923860278,0.252487289603342,0.998104255424955,0.585788701470215,0.660244346085463,0.577539275497142,0.310842472005711,0.640922451106751,0.986023819692937,0.459205477828243,0.512581038779497,0.0888174497032326,0.11366185083491,0.952921854641862,0.927129708120264,0.965769082057247,0.723084425490451,0.0234938620231975,0.00409133734689407,0.422382117896634,0.887724507787217,0.580295837708131,0.326913898124541,0.75038107793428,0.184725296750977,0.842408474959788,0.144533938488586,NA,0.00215784770605455
0.243124273335444,0.655802696939544,0.233693880130391,0.677793358726398,0.607736806633048,0.840307144619654,0.800666134997042,0.0351268230573205,0.451506391044292,0.44913664564885,0.79437918005321,0.429461302757676,0.801483361056393,0.441957490722626,0.860001982166321,0.0422573078608498,0.591594649250214,0.141666949680196,0.577376710495407,0.668620491214362,0.450742006091806,0.442756010808308,0.808374623289642,0.0981742567995125,0.279787649554242,0.404513117344372,0.869696096095117,0.513892308987105,0.348344604236087,0.58437244541956,0.989634280215368,0.138818855512758,0.027823517514839,0.802381408467569,0.62616423542918,0.413271752122718,0.784369720834611,0.120922055075273,0.0498781064200708,0.128228668474052,0.147591779668736,0.595084730253369,0.539080371817539,0.859594958108546,0.0687347611909377,0.719602890373731,0.331561771344323,0.0420669653672572,0.473749923793091,NA
