,Target_0,Target_1,Target_2,Target_3,Target_4,Target_5,Target_6,Target_7,Target_8,Target_9,Target_10,Target_11,Target_12,Target_13,Target_14,Target_15,Target_16,Target_17,Target_18,Target_19,Target_20,Target_21,Target_22,Target_23,Target_24,Target_25,Target_26,Target_27,Target_28,Target_29,Target_30,Target_31,Target_32,Target_33,Target_34,Target_35,Target_36,Target_37,Target_38,Target_39,Target_40,Target_41,Target_42,Target_43,Target_44,Target_45,Target_46,Target_47,Target_48,Target_49
Reg_0,,0.4000129493097333,0.28585884373662285,0.033880724322416865,0.19446642618559565,0.5267658224736724,0.8345386881056007,0.2075948030175173,0.002893898,0.9439411440360628,0.6507060826721522,0.6494161185541079,0.041389981,0.001752458,0.5908550466736728,0.35218349293289186,0.3705665401326689,0.5048596881441427,0.6368102457997962,0.24662965492599256,0.010890420977308682,0.069511367,0.47475312382913715,0.17756945861974385,0.20087266887275237,0.8962926467123431,0.780426091,0.6041333611487848,0.8717213843508229,0.7093378888319544,0.14629019614525432,0.31612995653620407,0.4281494036228032,0.7652839742720281,0.017435694529592084,0.12319006584974664,0.3145997137226405,0.5119222593447663,0.9309044554174493,0.1753574624247942,0.012953559248835967,0.619827376,0.7326947761263609,0.6184836012225419,0.031928230354325154,0.8528844037260546,0.6301129288954228,0.08821039,0.1597481043859661,0.22144838678430268
Reg_1,0.677375746,,0.245978834,0.8356412792718906,0.34650622898810124,0.9883166648257646,0.38439980580427313,0.5245372294197401,0.13342864332043677,0.8095167282736773,0.8725398661481477,0.2949363551566234,0.17974667656985524,0.537740794,0.3352527305738574,0.10753150876982476,0.13078698685733486,0.5349597385007849,0.061234223,0.038130310664059704,0.007335441,0.8733907753225663,0.056431046314816546,0.45601703919663505,0.2931924266945341,0.3047869134114375,0.26144716779630456,0.6157811187673169,0.3716402198264349,0.1581932626542884,0.8029382317070031,0.8253270361057958,0.7953129467232225,0.42141663481452907,0.16111788835924026,0.040112765,0.10791051114605574,0.947198967,0.2601056781197504,0.687727905,0.098334219,0.5438121317419933,0.793666018,0.37511983304443874,0.9033265124724281,0.11998678192733823,0.019120655,0.018774116,0.001218395,0.000408191
Reg_2,0.3843228544628243,0.086646099,,0.5602440517022329,0.13767291627112152,0.1414907308678692,0.091884153,0.3336806730873756,0.4929702907603226,0.076360527,0.6879400437874769,0.2083251042221513,0.2294179970907123,0.8957196659316646,0.10142189253056166,0.017582202153635748,0.024529289,0.30154164567590214,0.00609823,0.2393163038790492,0.037663963527086494,0.39278179240880406,0.00863657,0.798902889,0.15641574631253496,0.5221107287644549,0.034401767207346376,0.024696675929671993,0.017295116,0.019911434,0.010068910827094045,0.063134664,0.094352431,0.027962515,0.968021556,0.004620118,0.1678653540903702,0.3373528338754299,0.033674019,0.38730815594180923,0.7301876449916862,0.5568238061616646,0.031304169,0.130991538,0.3330734483120136,0.028118530910114153,0.3191748642576359,0.21431869784870614,0.033226929,0.026599779
Reg_3,0.29389765794384237,0.2807536665759471,0.43658549503208344,,0.3030837577511535,0.036323689,0.5111191272102269,0.08089463,0.14369762686454945,0.07911213,0.536835573,0.16790034875395943,0.15363101017693165,0.023555467,0.13024154874146912,0.5569920929921154,0.1022018003014951,0.027646246,0.5390606165659693,0.9451406787916221,0.7692174209215696,0.3104187562778648,0.7053122883478269,0.035576132982222494,0.12005896100868092,0.7247119952016392,0.2676821459461982,0.44561783498635654,0.49341799133779496,0.6904938495270543,0.00043083,0.6648576182424811,0.25870167768686764,0.9401500672540315,0.20318038633478733,0.7299598799713805,0.16517856848176443,0.9265948759816416,0.5755977095412437,0.4800572801933324,0.9713487328048892,0.5044887391008925,0.40260137794970663,0.27172505159039556,0.085135187,0.9539251486861895,0.28328083565955375,0.8502263956654541,0.775735854,0.9455822165321819
Reg_4,0.21941363521219878,0.1368520932671728,0.061254656909194884,0.3607724617087168,,0.171464619,0.13922977402919764,0.317074187,0.6636619367363779,0.082180562,0.9991857880242955,0.3908647297419817,0.9096095335789625,0.5060738739422432,0.11896551456612739,0.002871086,0.027370614101436534,0.10166936236531994,0.002297081,0.8916259836509617,0.3310438053968521,0.3197054922896518,0.057758575183892054,0.40646843713898284,0.6924980890480913,0.9727296935450335,0.1251230626331935,0.032373994,0.4798614164847682,0.10927274158405854,0.069059078,0.2625253905734671,0.2260168460115794,0.09312503,0.42590520033002044,0.055581153718072956,0.1275388905057018,0.19614292803423788,0.06208583,0.34626469363475354,0.8482376924854922,0.1978491814456629,0.43639998261866164,0.6968139351833871,0.4888297460584855,0.002608436,0.14338583462422844,0.2775750677914688,0.1902984167179605,0.5299559136674501
Reg_5,0.06009555,0.33386389760604784,0.8431275412836737,0.1060370026823489,0.6029888117617708,,0.21790377461155408,0.6849642401166802,0.520604835,0.005806139,0.3161135363243374,0.727129156,0.46291995556229226,0.051641895830375366,0.002109037,0.6498032781687371,0.22492029281369827,0.35229522023570037,0.13737339604488796,0.889924327,0.1955621965113883,0.001901359,0.7460678260314271,0.40574354559247505,0.19089213311198078,0.3687276397128838,0.3996204209535168,0.035394456,0.034575092881198845,0.12064853960708184,0.33403590717353937,0.005823261,0.6198893505973957,0.11642725702869586,0.2261013377886162,0.8374131794725694,0.2874558323168843,0.7039814736320564,0.052021832,0.3967935647528592,0.042252609,0.031096578312188827,0.014679878277339317,0.42800004635105326,0.046174322237248856,0.5028314577449673,0.9522726092562139,0.37272159207766375,0.8800230456054612,0.6229289427780988
Reg_6,0.6515976866546076,0.037632035,0.000617077,0.5150301068253019,0.034694476708550935,0.43872792794564064,,0.45439131457008963,0.6369391675098617,0.18848259360949787,0.7216495475437449,0.3348851176209712,0.5122672346456091,0.6756891389847329,0.21184842145181992,0.020579676051765524,0.03672876,0.17883892938681775,0.001211344,0.2065223454765223,0.003858714,0.4766140624303635,0.007056584,0.4143979583076478,0.1830965916829748,0.7278445280237037,0.073966584,0.11118131279191505,0.2260337013059354,0.017949672,0.12053349037816086,0.18802683761459005,0.24808326471141418,0.042696066,0.9873611986382099,0.017364414,0.34209164520178303,0.4440789101144399,0.057928697,0.9110469130245977,0.5095937359782345,0.7069249270015346,0.27794727859572554,0.5582569053784243,0.2900583532149091,0.013227864837238756,0.096549068,0.21130298111919218,0.021440878,0.083762146
Reg_7,0.8671521585892841,0.8733643903874732,0.025267625,0.6388910386174833,0.532420753,0.056549964,0.2798533380280746,,0.3952769093158425,0.23562417201093966,0.6181598547945684,0.011477711,0.33154540663125764,0.4236858805521171,0.5915437877145244,0.047330334,0.033229595,0.31940996470049915,0.026716177330783537,0.18316291246135247,0.014632338822066927,0.052577802,0.021632875,0.7300452715700799,0.6602237044021454,0.1227263753616091,0.34615024764605273,0.069471198,0.4778251662139472,0.033075236,0.006078767,0.053534466,0.093235939,0.19088082505545925,0.4887340906822547,0.052800273,0.22359557915489348,0.4241577178030068,0.19453747276236882,0.838616136,0.22658615721694828,0.4307687582206219,0.11965644707657215,0.017231257,0.1295338765022958,0.5535586043943599,0.8655637829815447,0.8487235908396595,0.6349435910482867,0.3427963312065816
Reg_8,0.6037467189221694,0.24968060638373146,0.6508205964168542,0.47406944312631905,0.41338302629213475,0.6938632175459856,0.3042088828887917,0.014035162712731131,,0.6687473305561475,0.015920047179826105,0.37407957093289024,0.010039369587149573,0.2685022957199852,0.5023755276570445,0.029134562031487943,0.361591012,0.1848090150576299,0.14327180575867418,0.9797503260392815,0.076707897,0.7810062706437892,0.034669905645790526,0.34766567825021377,0.8914656911521641,0.22408090876794487,0.8873070705946959,0.5014720889478186,0.3946037025173881,0.4318085523439279,0.079420411,0.6338947369774361,0.9611968536092472,0.6127681327634142,0.2491612533034063,0.750421167,0.7910488964094806,0.5289507814144325,0.7950996712400942,0.18915541187097107,0.010873972357850465,0.5536414953754445,0.7783492102381886,0.4172747386411052,0.3725525954415563,0.30220378,0.7842436312354931,0.5800478475240078,0.3936411738350363,0.7755987279125579
Reg_9,0.080922477,0.16473546172287254,0.9603375102199219,0.006473464,0.9136073965478334,0.6340536599770246,0.5271676563005698,0.16411393178109723,0.6068065937313456,,0.8129773126856301,0.21541193489928503,0.4612743284854064,0.016690064,0.18853384533401382,0.27464356671959184,0.8243713908483838,0.8300363769242151,0.20505193282693127,0.3911423728093182,0.19667358868776794,0.003825968,0.9714123477080391,0.208511866,0.034835609,0.576271209,0.042878457,0.048340764387613824,0.3612450484556947,0.1998759305662636,0.2813590390016198,0.032897129290803316,0.43285008022558924,0.2076298443401368,0.32257404758407426,0.39462786496616675,0.090220702,0.8944229561404358,0.015263850795219767,0.029048304790068067,0.025278628,0.9268594099340344,0.028062628791689154,0.7539415520623218,0.010424113146276285,0.18728561322596507,0.19780506339886672,0.5466936430386012,0.9650813625642327,0.5547980379797239
Reg_10,0.39693418819603243,0.4432377898821448,0.3919785368186792,0.7866639169275322,0.7237180272405297,0.6542311555486051,0.822412632,0.9570751100880938,0.5280035864633073,0.9605140997713202,,0.7122835551048154,0.4521715884916083,0.7154746030867107,0.018129511,0.5418610438892719,0.8139758359598552,0.3950580609344331,0.5362854456519981,0.6909806917230219,0.8185272660614304,0.9027664569932776,0.709042052,0.6624279033665539,0.3625883731567082,0.011542417002646865,0.4416398298873342,0.43922391288587714,0.000741256,0.34983004939510776,0.7898979573009639,0.2568944031980939,0.5817790102832755,0.3943305703917558,0.21988246277868093,0.255388464,0.9297757230611745,0.11011234416385692,0.701639597,0.004445669,0.9210172765141322,0.21648154378141235,0.15813283968559008,0.5307570985282141,0.3673145305652308,0.5708053127117869,0.9526452405408519,0.8895539327072809,0.054053735516966156,0.041114234
Reg_11,0.6186063000241913,0.6892739035197932,0.14593688708271335,0.9901184608907455,0.3093957211082128,0.049813583,0.085348592,0.27769670336173313,0.21475647515727628,0.044894507272056086,0.4069845593657724,,0.5909737192153077,0.3382404311028685,0.3136377203044211,0.10903030903796225,0.026819706550898048,0.36960568841711694,0.023419383,0.007006532,0.094850586,0.144369895,0.037344704,0.15830298445357432,0.6341833758863042,0.47790532378516803,0.5392419845665485,0.14971210638632768,0.23130888547972964,0.11481136346208866,0.1122279613519286,0.14523992689722007,0.12479285903882897,0.2328647190315187,0.9020691714479661,0.000674847,0.7915633709520226,0.4271452456205611,0.3965913789389459,0.07013394,0.21343299699980273,0.12595066531972265,0.40062160016856774,0.052438467,0.16537762627826405,0.42543013851687084,0.8472904220039554,0.46142684220721564,0.061207208856506795,0.5961009017889958
Reg_12,0.8376541782003442,0.8268462477369103,0.18330114258138575,0.6160618164092126,0.014353669236349224,0.1731794652121306,0.1278673714752968,0.6592094377947952,0.22313883011476432,0.2501402810552795,0.8692994185586509,0.025656540190624466,,0.069723206,0.5578526721249664,0.045971908,0.7741610594894563,0.475361178,0.018886682,0.9286976416819872,0.067421007,0.538979585,0.062650848,0.005240619,0.8506529453821263,0.4600695360779453,0.3820305499928731,0.33448810708429955,0.33420574110710854,0.18715894264448377,0.062996596,0.5569957142758148,0.3644328686400443,0.6762581006933008,0.5580681728430065,0.019308687220632854,0.5824065524401938,0.1912365968199715,0.7746123161981328,0.2484419520119125,0.15009390912354764,0.4479063173752633,0.2403503492086664,0.2659102150072224,0.915699595,0.043873703219534516,0.268682109,0.2799268213103354,0.021722535,0.5220212209460429
Reg_13,0.5533821350574626,0.42149194396009704,0.17974913883476376,0.26160555577453104,0.2989357311383942,0.010408894924037699,0.15697568101651113,0.001304193,0.10817117581558566,0.031584879710066426,0.640600832,0.007348334,0.6329477981271372,,0.20392143952068326,0.15543821676526876,0.058162668270744275,0.2895127635429822,0.030016641,0.19381249335001835,0.19968351694048253,0.060257584,0.083387159,0.085808069,0.8406557461438249,0.17510429748733186,0.9709503997646948,0.075979629,0.25766537351876473,0.2528959083530344,0.017543884,0.20564230793606153,0.064397187,0.7150209556466016,0.6686675141287257,0.004424536,0.158688442,0.2680725302647807,0.5729594462229679,0.39129692418141737,0.14396200923903743,0.15463083094587451,0.23286459382096775,0.016026091207367546,0.350366885,0.9874515358508122,0.22664110047855246,0.8802182942135106,0.7868902628617863,0.994131616
Reg_14,0.087838122,0.6698817831448087,0.7789450357405844,0.022786645772254293,0.7695648781959361,0.409931647,0.6246929105680352,0.7394655074811982,0.8336521823987864,0.030330871654779778,0.27971490328691306,0.7350805118505537,0.7531443962791133,0.063359294,,0.8479550742200745,0.7837158703259681,0.510219111,0.49655532413264025,0.8282694534602957,0.14410871623535962,0.008347821,0.6140533832410371,0.083665743,0.097401158,0.35565975132536376,0.084027352,0.2435724487838134,0.15950367667158244,0.23946738357282848,0.5320343277066739,0.011308974988965664,0.405547578,0.16256331398671472,0.9706728270714811,0.19688293637411539,0.056769648,0.33058594664778196,0.4011070599805011,0.079375629,0.003078715,0.6569832703016865,0.04659355,0.6233798631041874,0.46750791727220253,0.9010357576630734,0.12263609353177793,0.6749998046248527,0.6089958343756252,0.704285363
Reg_15,0.014578737425117528,0.9233630616672253,0.7562817547223356,0.078951455,0.45766674844094546,0.051181787,0.8209622460984418,0.1387606620042311,0.062250727,0.12819760701011254,0.5104371483987786,0.5797476535185971,0.4127382561616413,0.14603908682573635,0.47410530610997237,,0.8809785677730613,0.081410595,0.058556632,0.1977661592611411,0.022909312908216753,0.31856663546502617,0.4192161186580432,0.74100937,0.8989799653230977,0.650900761,0.058751632,0.18524666599420364,0.514588373,0.8066589195451931,0.062345690255158806,0.1150120282325107,0.060458671,0.7936325902156556,0.00247466,0.6615257973625557,0.7193937848452558,0.000374056,0.12587884888035336,0.062304054401020034,0.21058652714154436,0.09137945,0.6058246861360853,0.6552362390627071,0.25673441128351177,0.036310207424522956,0.7426583724370248,0.4268095786343019,0.9205597605952275,0.3779760809380287
Reg_16,0.30929817917203867,0.5897220025919898,0.12302800095614329,0.2394626883777302,0.2589333180949956,0.3952839106384325,0.2391522769651646,0.21983824788521422,0.5377986327187347,0.028653459,0.6970841380167538,0.8564574855294973,0.15630479215135104,0.27275240853651267,0.10447898343260452,0.006350973,,0.2236923366489968,0.00660136,0.989299445,0.11357214737628854,0.4642345926164967,0.014591826906033454,0.5945912245109326,0.317226793,0.7530858038486598,0.046452991,0.04590877,0.22224486041981023,0.003236346,0.004684631,0.1876096481362792,0.39726888021467466,0.1994934013363628,0.6083876109785511,0.5737428764621779,0.40936961711799014,0.2526023300149145,0.008484103,0.1352175657908436,0.5551889571972242,0.817668079,0.013474032738560687,0.9631776826059244,0.2708042760514423,0.007380019,0.044259231,0.6945905574296125,0.23007128468996058,0.5206354655448392
Reg_17,0.8930774103231167,0.067813203,0.27480084602210747,0.24877917701508837,0.5940344790521632,0.044786614,0.9670265058603673,0.9448554920558782,0.4245152705134746,0.31672196821165094,0.21556759501878792,0.005525188,0.7638511810328986,0.2106432605172424,0.12212313336343619,0.21691172946976378,0.9577678980819082,,0.047483878,0.2080041907554735,0.14048793419010963,0.7533881981285168,0.15404997333956133,0.019824141866804725,0.7396336518895812,0.8093796202288639,0.2790877799211843,0.3449229179998151,0.763765207,0.5271124429285288,0.10263693487132279,0.4441635603522648,0.14349603671568872,0.9794005406289633,0.6684699293054366,0.013805750305943663,0.8413872967061182,0.094028522,0.3929225044949136,0.017449070652807774,0.16176189687220138,0.8025932515683992,0.4979775708333758,0.43921864229048724,0.6452462550431237,0.054742621,0.9951778601017607,0.9192121089591812,0.10685171479542771,0.9640451352016605
Reg_18,0.16475666074888368,0.25605846247925784,0.6306225282073158,0.031720655,0.16851336229258754,0.17433227512678295,0.7619737520854782,0.11986574879974154,0.39307614951340464,0.05512537,0.9986342928288605,0.7092332812049479,0.3943729755052454,0.001865858,0.18944250337936844,0.14641633407928484,0.16832954558912058,0.42717105439115177,,0.5696888160306393,0.2697631054296036,0.005919436,0.663137785,0.6220385426250782,0.5221183892071891,0.35540905618731344,0.24182994746862777,0.560575162,0.9520643388016984,0.7771865375144865,0.40240849971722303,0.047594309,0.031338921,0.12392117043715677,0.033293063,0.28824644179752357,0.14734063264006136,0.4500225894348894,0.005001695,0.41786584303115104,0.917529883,0.007351816,0.6090711890786571,0.9829824796003492,0.26075993223072336,0.04470521,0.042736263,0.5745762515375961,0.8768549917180954,0.7806250244101244
Reg_19,0.8009839332069042,0.39150055226466685,0.078875655,0.6391428181508784,0.010316354395211896,0.43434867002362987,0.057678594,0.5098223965764892,0.024150537728537563,0.08223467,0.9807767095122935,0.38611378184222045,0.004524921,0.6933152982518631,0.24437739397039157,0.040302780186185536,0.007662558,0.9005587427195296,0.079091021,,0.000589936,0.5321626071906489,0.00360249,0.8132418829100632,0.2603088323414305,0.8982351754607492,0.5090875110538926,0.4617983949649367,0.2774998238189963,0.017598138470500412,0.078149075,0.38815263756529395,0.21889303884932276,0.17123252483417653,0.18895123772095593,0.024021162898272424,0.5664587258249734,0.4200765233140651,0.092498541,0.5296771996695429,0.4240958944469625,0.9622658691720669,0.06367633,0.5054413602488625,0.4782441587407412,0.13608008097771027,0.028350769,0.014262712,0.074246345,0.18855998410305608
Reg_20,0.2981694060710349,0.6680107226745626,0.006835024,0.843078498,0.00152422,0.070834794,0.1309849669357835,0.5394544045700698,0.5443105593978723,0.030621913,0.7024682084858769,0.2693138525711028,0.22289627605319487,0.907058141,0.10123450096754906,0.001582395,0.025945051962143046,0.1922320344137806,0.00389356,0.9598396017465096,,0.36768834671311657,0.00058516,0.505640611,0.4646590144999475,0.8887866913553844,0.034355103,0.034955008206917576,0.10509750599322254,0.022131516125300336,0.000138382,0.14183515908019773,0.069550403,0.2345299674252582,0.5684436508929698,0.021089262979741605,0.4187808616651797,0.12672246144426738,0.13796050824869496,0.6622666760649722,0.8875769661598705,0.3788151456357969,0.1173172453658075,0.27771357334312347,0.7865442058488074,0.01833381,0.21848217296015535,0.7675442369379043,0.24992909212882652,0.6017787403335539
Reg_21,0.24412121163747874,0.5656949122604785,0.6248401607653697,0.010014337049528754,0.421615229,0.062386970534901165,0.8099958187210721,0.091346279,0.24852268281170553,0.54761406,0.7959931936973369,0.049131619323203646,0.7211119510709527,0.000948103,0.6934316270752975,0.690164946,0.9520600762472358,0.6062284320609924,0.32073656189361943,0.38831212638519885,0.095589,,0.6493039617520739,0.015188970378699835,0.1917398141801588,0.3374406663243984,0.433037866,0.35438985463564954,0.5617506785195618,0.7238376739537571,0.11662594473711035,0.2552020970435352,0.42864547101667105,0.31480534718129977,0.41472718984172885,0.039694596450966124,0.3390998777568732,0.3436165907462737,0.4140651917362267,0.005522843,0.000311246,0.6384778528880224,0.1033706864860024,0.34071736072930425,0.22734409669656705,0.9546976108073474,0.22478612037625884,0.5521291974838912,0.5126543145687767,0.9779116694784842
Reg_22,0.5659122849720519,0.585247577,0.010718776137231585,0.6144877656615267,0.015339209171533185,0.14532171724885642,0.019212317988843337,0.4060154919622754,0.9205281517867672,0.042240076,0.7032600420340362,0.44001361937309835,0.5032275591096202,0.5679132641117619,0.4089340279080309,0.002845734,0.085586648,0.37901024066228994,0.0010868,0.9336624893055909,0.28617756036139674,0.4170152529714819,,0.6861511903991939,0.019091746,0.766272173,0.082562793,0.018279882256546462,0.083180197,0.002345086,0.034203448,0.034123615,0.092755125,0.18464149920633308,0.7918305533383633,0.4506848095382092,0.7362090858937573,0.19920997174358673,0.063068143,0.2632767276812237,0.7316539861220079,0.964218321,0.034885698400992995,0.052889013914522255,0.068966519,0.066876221,0.26070729371423124,0.4393808285641776,0.23308484370463967,0.4410107794156787
Reg_23,0.6724460845818334,0.6177154733527417,0.054009167426727185,0.9819154555267224,0.8265409317628976,0.050597333,0.4450426129114202,0.14923518472851474,0.44244570796457927,0.098297298,0.31553403616177367,0.002053117,0.8490091521333544,0.30513881233469087,0.036162325987543806,0.1155373723751364,0.10804396470162421,0.9438844965082624,0.037945855,0.096211658,0.045414633,0.14704338596798133,0.034180921,,0.6791677576806363,0.9545700860692072,0.8394285160414797,0.060892760969017974,0.30368183888544975,0.19858628464111885,0.028705257883166555,0.16984143485863978,0.10861520929625011,0.14686794026601468,0.4430450134308572,0.000192014,0.9811830748336849,0.6514392135588409,0.4321878959227813,0.049308026,0.3160028804934836,0.3457581330463261,0.6691265184743342,0.24876714266869737,0.6243800985559678,0.3248465057601527,0.8889246895049152,0.3847789346195114,0.17911788477015336,0.2187986443190782
Reg_24,0.33198798406802077,0.14776431893436973,0.7323821075415593,0.37428888910797375,0.10645904665288272,0.070701407,0.8114268444745705,0.1549038624673475,0.935460196,0.49698154679681616,0.2317220486750045,0.5975838684853226,0.6926281347024121,0.2632600234495839,0.9321142792983237,0.361040754,0.747335385,0.36333231110229036,0.2530797342557134,0.8436107124807979,0.7471413753238154,0.5091534717605704,0.34053904007322255,0.3632650797972825,,0.2574541534518032,0.15003316834235683,0.6756827338182709,0.5726601667866658,0.2278789205172782,0.009862699,0.9991626734880171,0.7014413174497895,0.3710074086142816,0.3707541768049317,0.7013835714470578,0.18097080562983636,0.428077285,0.023243705,0.605862073,0.7250199131345483,0.43645427957117144,0.9727589393491258,0.34875130200793425,0.8295549178142504,0.4090965755863233,0.024006371542626467,0.077919886,0.12585053188083128,0.2857692636268036
Reg_25,0.5968071923923617,0.13963718288812854,0.6076857963437925,0.8459512359162553,0.5715712672468576,0.468124154,0.8063378878452931,0.4902118767273369,0.057359079,0.6771188669000424,0.3335512290389867,0.091968596,0.11477477796536924,0.081462742,0.6872118460767895,0.6852605764805793,0.7963426431698939,0.819317559,0.083537701,0.058594601342123166,0.074092917,0.21206970227682007,0.29857054288741064,0.6197944159940973,0.4658341058535683,,0.9370812002130706,0.8627505940345155,0.6100275230850161,0.6420892586582634,0.4647726980538288,0.9910141647051973,0.8672426934703799,0.2869885232508176,0.011864263304554869,0.1526658577636295,0.3667995870225904,0.1853952636147492,0.759975806,0.12036209204566914,0.177210444,0.2818265691104014,0.82352434,0.5359724997326346,0.9339321137709355,0.6929972098336893,0.39696752601681173,0.054105470400647046,0.001478161,0.000308382
Reg_26,0.3690518287652492,0.065828715,0.6982018371059291,0.5765884713178575,0.12495405762091039,0.8199466356431615,0.44728256127079247,0.6365870662869857,0.9149748488359393,0.2551723390049297,0.4445351877051207,0.062180104,0.40771158290413523,0.7644687045891226,0.2613556893257223,0.13939438492844342,0.4826202389762335,0.01867209,0.004604817,0.38691242110208246,0.7874094660575505,0.38427875738721173,0.5985993314071429,0.2826191348594571,0.388736639,0.22066911450434742,,0.8582614978659837,0.10002536523713779,0.7000453567072294,0.19821023034201335,0.3618086185540471,0.313125241,0.5233713690462967,0.9433728851051773,0.2858181361546897,0.092409976,0.12422485687295329,0.11403310280546873,0.17173284249842827,0.062469217,0.9643998172760135,0.9098711472158867,0.9633280782010983,0.3718796934611288,0.027387427654381045,0.3735623187920979,0.5943575409881242,0.017555863,0.16213618048879289
Reg_27,0.022478535926497026,0.1871562650518911,0.9418227772895527,0.027227870843125647,0.5315272211486288,0.14957335616549633,0.4991260710818325,0.1663659924685506,0.34474788974094017,0.14205610549144868,0.8648691466604774,0.7452842872660974,0.754957419,0.044381626963420295,0.2446697210041645,0.11984241462890947,0.5421008698565919,0.4309559241992794,0.031377425,0.5619211344570999,0.17167543819719772,0.004901582,0.9879575831544778,0.30619969422107846,0.1631577846732053,0.6583567643232726,0.05406788,,0.017360668,0.21063959057708762,0.483687192,0.000718666,0.9410193915065945,0.083448614,0.1820658231615087,0.789125303,0.17942295655692317,0.47264466635610225,0.063754819,0.13113675883688306,0.053054437,0.2727225671878089,0.017963721425958454,0.43651032788351174,0.016077821204377327,0.30216662738881356,0.359238086,0.4427654694915908,0.9062138725532958,0.6646749141276524
Reg_28,0.2548160587185577,0.3646030184748499,0.3596927573385589,0.19457766146131894,0.069472878,0.27316787678605337,0.39282262836544635,0.24410108369396802,0.5514899673634552,0.3212928439214568,0.008054347,0.6668970541633314,0.9189630441611869,0.10945268926366271,0.4358183093824036,0.43664222646404716,0.5967413627330023,0.3168799127237835,0.009797291,0.7994650403448189,0.23884004346830118,0.6767899854155075,0.857060781,0.4198753557952922,0.07230233,0.18658848394455113,0.056124221,0.6174940908207059,,0.2997779833312172,0.022117313502931824,0.15527802952195652,0.9697978758470902,0.254817734,0.6853991694444967,0.4252740681654985,0.015715104,0.7542471253774499,0.12313961318466464,0.8426372687190121,0.6985570130220086,0.35715735570136264,0.2379219568900754,0.7247354912405077,0.20175234588101337,0.20202841428347562,0.059407077,0.9908175683359817,0.34831051933512547,0.419624732
Reg_29,0.4270494287834883,0.3024499813798382,0.062178152060975475,0.30748084321644636,0.093912572,0.8225727626755963,0.1197708873205991,0.10840817,0.8272210790881647,0.32772583199045235,0.7586951195108551,0.8652360828702854,0.5949929705996981,0.4723188828575319,0.4334792970700071,0.019535596,0.13219459195336067,0.1116320113626231,0.000152077,0.7083175416133167,0.4790318754362125,0.5814454470951199,0.083409174,0.70395345,0.1555554463497455,0.7889391539135521,0.006885771,0.24326509931142787,0.066970732,,0.4819459634225405,0.1629137579107597,0.4913526609672897,0.18744626703154343,0.5239648644113306,0.23131093463521957,0.2617271904128194,0.34892081746220194,0.011335542360290683,0.5388651997952206,0.94191284,0.5565292975714852,0.001578969,0.8438874753645802,0.29148005965841095,0.015691523577753465,0.076129318,0.5211828624896957,0.052958617,0.23150486331002476
Reg_30,0.11676392183152572,0.21525391547224315,0.43925122416277296,0.041282277,0.7508620434032329,0.065408841,0.25842264555634326,0.19132017403196577,0.5491155369525299,0.005082002,0.49622301150464665,0.7775571352508441,0.8275430266865073,0.17966392447539273,0.01797074,0.05615334,0.585332846,0.6551460470414767,0.002630223,0.9611911150576595,0.087202753,0.079149489,0.1760304281858541,0.7120009817301769,0.051700146728224775,0.4055890994632517,0.024439905080025782,0.008534655,0.005938515,0.042596897223810146,,0.00324852,0.3522694908313112,0.080246613,0.3598015834101216,0.6465984375207552,0.13909383014480767,0.42756019,0.06076458,0.3747596044435956,0.1779464107325997,0.4992843422273415,0.004852545,0.4498965637565887,0.083829416,0.012825742729837471,0.23291311890665078,0.6070543318871067,0.2326563435675301,0.3695216178566979
Reg_31,0.18877299550776092,0.2665486760938426,0.5330093703791614,0.027006913337689346,0.6944172518098197,0.8830437291392208,0.6112684462950886,0.1173706604997895,0.35056515373611286,0.007040709,0.7586945104672449,0.22761187809931122,0.7310620404674685,0.015949984734093297,0.14400182283166948,0.8672313221171857,0.4603608495799558,0.6424356383407223,0.39937791895488717,0.8494170608332028,0.077327933,0.013821602062353352,0.3772716953209829,0.16854248990428858,0.091310677,0.3762236678174856,0.3223638372719436,0.9760994804710657,0.1295269682678135,0.31814880204448004,0.15114481964566792,,0.7713788802878178,0.068288948,0.31950812210834617,0.12316492829440873,0.042735003,0.9774502357860693,0.023209598069184247,0.07132772,0.011513106,0.5131374581345667,0.098413523,0.8852420501452885,0.085851069,0.38741827785623584,0.10361661971203512,0.5821981731195074,0.6648822150773148,0.6565283362161156
Reg_32,0.5188660718584642,0.5330236541451802,0.835226183,0.884057123,0.9935476188078651,0.012385212321626557,0.6152155257767664,0.7425222506150336,0.7770710133385876,0.006245476,0.35173911886996323,0.9639985601463247,0.6204099771254179,0.15452700034605651,0.005705753,0.9533115733856674,0.16013562819622715,0.43059577321494313,0.6671121874135724,0.9328025973847638,0.25968519683972674,0.13411692031616518,0.6900053159654101,0.9981325233495575,0.6678691525925516,0.49910982134028214,0.9283910216723621,0.12428454500070858,0.2570312053971811,0.19851600972960798,0.072891671,0.13629337246200804,,0.052721184,0.37362728522421385,0.8534458074949272,0.19163932422757493,0.5644334712134046,0.12610318221533995,0.9336735194232674,0.008511103,0.031494421,0.11291207595091755,0.7350522423046271,0.9072461403350309,0.028323951413183716,0.5632328000591336,0.9990268989157864,0.4267935903591501,0.28346679217968246
Reg_33,0.8743547821037726,0.001430231,0.21520566782270134,0.619223676,0.8852655282779829,0.8633452090745098,0.47133941430021653,0.6674719014596724,0.16839558066112403,0.7593938831706087,0.8727762038620543,0.16398790374052566,0.10571836254999371,0.4510221433637045,0.4573613401098032,0.10307755965604692,0.22254142404455876,0.48243223880414454,0.058294367,0.011492943338756395,0.023366625440609474,0.7613721545759335,0.12132410497436667,0.8238445310066976,0.385756399,0.084755071,0.34555517920358103,0.4679251514258651,0.2565533933351717,0.19869145395754254,0.7824255325859604,0.5998089107777467,0.7741987872851185,,0.15352347165209704,0.12073722651131145,0.320927446,0.8113071926962122,0.2948523807028499,0.5939153311849019,0.21885928142828298,0.7895482031958856,0.5512655439037963,0.6578598704166878,0.595604643,0.20582932385620203,0.209576472,0.10036500662729164,0.000348683,0.000633808
Reg_34,0.333974533,0.13810396143829612,0.2746192132291197,0.7212959307581758,0.30917619309008015,0.4826420500995513,0.7594934368143865,0.045721402,0.001323611,0.6877922858727683,0.15885722662597346,0.072765788,0.064874991,0.042973354,0.5284710828525405,0.039979714386177236,0.20271833778972023,0.8201822899675046,0.11379549924588159,0.31362657248193954,0.011634578441171911,0.46994123,0.1311998919421294,0.9665857537942788,0.6886727239091672,0.2559346898860235,0.7052136795335092,0.3978049036187772,0.8062295227593127,0.16442650090261487,0.21783307531571225,0.7310880424203494,0.3648871977910022,0.8267109550289746,,0.21045884582292385,0.5059169796061513,0.8977270573857656,0.8983731407427309,0.8592278114609928,0.018118556,0.6198930051189973,0.8243778009664147,0.9537354793141513,0.9264350556477687,0.7808332190259647,0.3585278137460295,0.047560483,0.3494121319629425,0.19695951264400938
Reg_35,0.4103449490194223,0.7685861313244391,0.19199873870233794,0.933776042,0.118665084,0.022292784336257452,0.2686888740002239,0.30171837965965753,0.16064980116118457,0.00536032,0.9816016812906043,0.33924945585640554,0.9699096547148778,0.36702125217263326,0.006804207,0.034593877,0.000267308,0.7778031913631636,0.10061118690228117,0.1494822776931077,0.050726084,0.020338463,0.000374713,0.4693108553527331,0.22823884444235606,0.9772971096227305,0.5928524072843203,0.046912603,0.075395788,0.050104954,0.003435806,0.027015609041832093,0.10434452528605416,0.039206635,0.8826490769640487,,0.2608548974026444,0.6106555325713257,0.18390872990776524,0.24838860663477919,0.7409709737589412,0.30900555983373645,0.15514815618678787,0.37980332153183605,0.2228264353649491,0.21248594853240857,0.37120529687233594,0.2673876726703335,0.5659878283669397,0.6178999110843753
Reg_36,0.9990458810311131,0.9267621887420168,0.19452900158556202,0.092958491,0.3733466691923527,0.1079843172986806,0.8638431777183327,0.40011142082014706,0.5168313773119567,0.583364587,0.32553052825763484,0.7120741112671716,0.3619976405306802,0.9690045149501407,0.2647887079439509,0.7477681907324325,0.9666633981836807,0.058852781,0.8840308540879634,0.7128501908715831,0.732009269,0.4814517641644751,0.47608239536752905,0.6134809055301499,0.27153781490753476,0.6732790810308951,0.9266598748262642,0.2796719151294885,0.22875639524730088,0.6455887468365544,0.031780111,0.10409880479405241,0.00476167,0.6006118600107451,0.9418686638687528,0.3734840702135859,,0.9623688019180103,0.45268858836272663,0.6005111703889663,0.21412116288974137,0.012237621592521706,0.014656311510400316,0.023556047550373643,0.6488944424016423,0.2694218736636943,0.016636700045402093,0.680967528,0.742910764,0.12396103474917222
Reg_37,0.6383047195244111,0.7941488007713188,0.5439452976442962,0.7764344003046386,0.764101679,0.090527906,0.8550467368615196,0.4423881729170779,0.012587422,0.092075057,0.034723752,0.5618142405375521,0.092838812,0.099375264,0.26802606741083423,0.26477162671872123,0.40171969148054765,0.9138080373950884,0.6928305952528928,0.01770657,0.036883472,0.11563196275902708,0.47507691738362035,0.7283539752038355,0.8230648994076671,0.063998457,0.7013705207890031,0.6033697005455547,0.6076048128594489,0.6903858966870517,0.18905371995317682,0.8791049107208674,0.6051670907158184,0.1534381219902549,0.0036068,0.5925683950930511,0.5118201985211095,,0.9243070048711317,0.7897469559128445,0.10245650316537334,0.611644648,0.9207030174831574,0.31289502640390476,0.6536707377773008,0.25235510843724024,0.5235563730688804,0.064993421,0.079942063,0.03679213
Reg_38,0.3980299908907501,0.2569243150957549,0.3805241319461027,0.097011911,0.7405895407174972,0.16511066125481053,0.7900330247192114,0.023078001443466594,0.8206660584867611,0.5632607626344992,0.9228973281895774,0.48838056882051073,0.34378007570870395,0.079547642,0.2648900053740168,0.46586293638106147,0.45352160863606594,0.36172410227905794,0.6247238702656105,0.2679535178260413,0.6195785660131639,0.9310197894828691,0.6026018528187771,0.976232723,0.9403626807721481,0.4328359355939757,0.17129860913703068,0.9634711971495598,0.600185467,0.7965452399274348,0.8710297957523736,0.8709061546526413,0.8598873600336141,0.27416914464449094,0.46226866808555966,0.5511884749715132,0.019269098980371865,0.6278161692074382,,0.6433782238121799,0.20688230114019707,0.27373061658090186,0.2172647506928206,0.10436193288584353,0.32586163165823023,0.03662774,0.010184647452216358,0.6889022825687712,0.2702469783983363,0.40815868301947944
Reg_39,0.2958704024823305,0.8251569800109245,0.10040716096565103,0.2750291873474594,0.18935582322369388,0.25526969843777114,0.6210668731316018,0.060834926191257695,0.016406896072787735,0.056456168,0.328914406,0.067927333,0.5449113988613965,0.05975431,0.06529417,0.38486386417021556,0.054141170313894135,0.18545324808172176,0.2313689517725784,0.009578999,0.081677749,0.1389693515840748,0.11720176119262085,0.7042188719261647,0.9211278715704803,0.9157169237100464,0.2838894906379155,0.2850877114431037,0.6862194890607816,0.4628411558335981,0.10842187432230943,0.31677543301311895,0.3404664271368616,0.2993411493171786,0.043465461691881674,0.001963389,0.9164529809496809,0.451708379,0.8501850013665149,,0.05791334,0.3942897803008596,0.678465413,0.32163973213655417,0.632724966,0.8042704674850305,0.9523754970163617,0.11305689825017569,0.2751855620083263,0.193013354
Reg_40,0.29241768030715487,0.1788921239701963,0.13773006701061521,0.015282679886097045,0.16377685941062203,0.1332603617676537,0.6699455481866294,0.3993835251015445,0.9761698942695305,0.4395537458112061,0.6366793739772014,0.6582715886424086,0.7320100775664301,0.3309188518721925,0.6047120458509687,0.4243270658026438,0.2787821271760781,0.732455692,0.7456351422889889,0.5589892717504337,0.23941734447439167,0.2977449265112021,0.7974716081354436,0.5991298118675022,0.17659564411555517,0.13180236399568654,0.06313056,0.6564601602652103,0.22890256180459106,0.9858226405757156,0.042761816,0.43841989560955585,0.009137531,0.27324130119359413,0.49186988405746834,0.49583996016538145,0.074222545,0.11116847586879798,0.9832696712453126,0.9837217657926894,,0.15805680226202037,0.11580418935342918,0.29423190794744114,0.36616117488747346,0.9809391010647954,0.16928296505430834,0.6102315433505077,0.6718115485185652,0.36082448430328706
Reg_41,0.004496262,0.339700907,0.8150941755180516,0.20890851425543017,0.10952315740011087,0.5047632515264892,0.8384063705781348,0.8064523384142893,0.12277760863215319,0.057905182099571614,0.1230275174568528,0.2650972332342891,0.10794489417194322,0.049557736,0.001387639,0.7781813920328099,0.3673256418532509,0.7431856739337177,0.4892332177728713,0.9369804196932028,0.078562657,0.010231730989857487,0.570772902,0.5376123555171209,0.9741551541980309,0.5338264421431793,0.8744396399725163,0.4785870050186425,0.48055577084904955,0.7338806599951312,0.1893260472095775,0.3675429221505113,0.9263440572914845,0.4952444656847623,0.1851564368157458,0.6000093854294382,0.023256895,0.25831060959624375,0.47251198126289773,0.18454845014337842,0.011368844,,0.6463183479045886,0.7692318388738549,0.2765284933092004,0.5435202446392537,0.7127953875365682,0.3135448786851416,0.43844465422639833,0.45111736235462463
Reg_42,0.2566471652441699,0.1028781100065397,0.5220070567857853,0.10885944307733462,0.2074317779637224,0.4734592576056358,0.16405942674151017,0.118939741,0.7034258855520973,0.6276082732231136,0.4752932719973245,0.8577034278091223,0.8471851404604701,0.21668676574730777,0.517514982,0.021374421,0.8539884469584643,0.2451805684748239,0.007508619,0.725816843,0.8789246331374345,0.7818539413947594,0.36008747289151377,0.9834131073609678,0.013456279703808409,0.2677825169455588,0.00312324,0.8142600701299141,0.031650957,0.082984845,0.35594254970637573,0.1856863229124858,0.8277657810582402,0.089208854,0.9059346271935151,0.6559748185830554,0.010659153,0.7899676372100908,0.069967943,0.5096943723178748,0.8388480509293996,0.9323828906333534,,0.6524050509381516,0.16791086547702272,0.010735293039969231,0.030406469443201644,0.7404672210897675,0.008126364,0.051221205558618345
Reg_43,0.46474223162627826,0.067296772,0.040120429,0.9224023343283789,0.4659397526079745,0.035337703422905035,0.20187244030732693,0.8306023408785446,0.8514356901606478,0.072946971,0.22486641520862596,0.2786683590860047,0.5840063087487328,0.6383339355882522,0.048473418,0.094589654,0.022864610224442652,0.618234867,0.002536621,0.037153845062996814,0.13076651415032678,0.050496752,0.5772365663014556,0.2135340199127252,0.30814078301970543,0.41154526574823214,0.43924056322843064,0.20462020877690618,0.14405536430844243,0.07266348,0.044593766550908624,0.024531446846054704,0.016258973,0.009353815,0.3795952754063948,0.024784799557773303,0.6764776676129458,0.9996241621066178,0.015482927091310784,0.9359085277682277,0.658063348,0.18160152523157116,0.030367291,,0.1835487822716998,0.034828056,0.4681014724760937,0.5036398163582685,0.016208124479075707,0.025284031
Reg_44,0.9080808051093003,0.11378156937940535,0.8830023169311926,0.079006105,0.9173177608070586,0.2291344788658545,0.6230460628654733,0.017361905939813155,0.029359323923258622,0.45566050272333236,0.2444442965106972,0.020271110493283718,0.5463157962721537,0.000839563,0.6858331424738391,0.9123709045573514,0.9764598096143208,0.3668219251194297,0.6206936841266495,0.4584957786493553,0.9680206917520463,0.4860140506687941,0.23245089356220563,0.21632950237663814,0.020463911410768774,0.5097238870531859,0.3816934983586041,0.41203043435420805,0.9947526058224956,0.6927694293853701,0.16677734240217565,0.4389162373335078,0.9755942493996633,0.5265104662785055,0.28769965880247506,0.13588008369272805,0.10974441145489672,0.8830855004172433,0.015063316489690693,0.36869313719223373,0.2612984525034369,0.6209306136914181,0.656555154,0.5847476766546709,,0.47253367247432887,0.06823429,0.7338074705764663,0.6167057008316174,0.45157569336502035
Reg_45,0.20467571962519765,0.1512249423459872,0.8251874370901191,0.06706357,0.20390234142174166,0.1809705979432192,0.6502325225031051,0.027320503486484942,0.061838165641091555,0.31142372343695834,0.029742423399099372,0.6765006509164683,0.058799618,0.534136113,0.094918097,0.27309300532978914,0.20551563880275947,0.2939975029517634,0.17686414963471764,0.2934304975325351,0.098971755,0.9222139173678527,0.7964451289002812,0.45257727891228494,0.370774346,0.5663279572411462,0.074315876,0.20324006844045178,0.9159891073220977,0.4201745183623985,0.5722772785522872,0.8370800797590459,0.49466697584431496,0.474853246,0.2927436990405189,0.7324421539290733,0.3008382918191814,0.8048804916778625,0.1517986580138761,0.7346934681870505,0.3645406038893977,0.5931677310836668,0.3645738212824393,0.17018044347093497,0.3695187433362892,,0.2583516084405218,0.6743936746507561,0.24953902752842433,0.4164287498538094
Reg_46,0.5815732034657068,0.5227818524232362,0.9124962432135519,0.5689507222640893,0.6856013850856448,0.47823791105241864,0.4249694011289157,0.070445839,0.854277219,0.6078948562933097,0.26700148342025554,0.814142824,0.742642143,0.7078339771527464,0.099014966,0.11309305973481269,0.18087899578038288,0.024509886,0.7988056069582117,0.041311929,0.9283186599519287,0.035080763,0.7214568480627002,0.43219033888193537,0.9235264668326547,0.7109656303558396,0.18298116005025356,0.5388665504443162,0.5469176082945943,0.7438016101358406,0.2408391784519817,0.10749119356049536,0.18398023200254207,0.25370684505213253,0.4035533561746686,0.9758723257677586,0.3716937888000438,0.4384572690951247,0.9864513400495041,0.6498866026664152,0.093928739,0.5308219166000913,0.22624979401432824,0.023672639684525473,0.34475840995649787,0.23149387779898736,,0.2764911092325755,0.7508717353734544,0.19896510766092979
Reg_47,0.4574481307126951,0.9526178793130087,0.11401208886773426,0.8058887369696555,0.10333799281175875,0.12551638403552748,0.27715807496234884,0.5688604423272567,0.1496732346583555,0.14287683803125772,0.9362898681733083,0.066307355,0.095458025,0.21992609053167017,0.2829715847552884,0.013504755485163299,0.049347094,0.068220447,0.045983345847271075,0.33213014724250267,7.076264093513179e-05,0.9538044768457716,0.001856248,0.2528386292909118,0.7398535321826625,0.3352812593912998,0.23078878201424394,0.072484531,0.3250418527798967,0.17397427001573298,0.015754973,0.3820317051172728,0.37875759813360876,0.4707159799273003,0.7822456578817538,0.011824161672193698,0.5970800892251162,0.1447744545847307,0.3409811033246367,0.6163719886590481,0.1832985307349612,0.48513140813213496,0.5201400934437836,0.747188715,0.8623162871078421,0.093964021,0.41324656507345847,,0.2441107802134524,0.7119705725807037
Reg_48,0.9094428325828878,0.390826377,0.7278418583503576,0.7538461373790042,0.091640311,0.8351918959116258,0.4844995828745472,0.7587581118472686,0.2673844389831522,0.84118574,0.43754775436904425,0.8628566771851826,0.6526328689033151,0.3598051881741684,0.14978999679454702,0.6445127159079089,0.6683856430024905,0.27247885126976434,0.063007467,0.15680615823836688,0.11448416286365405,0.17114870266766372,0.6037440124493925,0.2744349995072001,0.26806797307842967,0.020559851,0.21702378113777607,0.8305193733532046,0.3718163401257286,0.9461509661527083,0.10469498088014292,0.28456646402930663,0.5173159154272363,0.6987241265666398,0.14398751883953964,0.16467220959795315,0.048244821388962196,0.5940926581329868,0.7739447432847961,0.020805133864215068,0.2028579854438682,0.5161958365782306,0.5914303831370579,0.21125929208956212,0.9399663379660612,0.45263190501955153,0.075093589,0.0306143,,0.012268632904871306
Reg_49,0.7753063675282805,0.1883635660293919,0.7177781075980572,0.9807127453497626,0.098951349,0.9410656337349917,0.24533230997967137,0.5884078963703625,0.027854478557824146,0.799314803,0.2411192657325979,0.077947247,0.041739899157140055,0.3646617061452342,0.41162110870281854,0.1846226830029102,0.11443543179032159,0.34486293330009754,0.015572142982906878,0.009127497,0.010960076197905753,0.7860360583014042,0.18708205234361752,0.9747896445986964,0.19612602542454657,0.7090562819944386,0.3483431944625075,0.8966280965467275,0.3352530346456365,0.14646180202332768,0.9612622895902749,0.7991028908577821,0.9660649169640378,0.07612072,0.1756503441729111,0.065788849,0.030379926210110913,0.6676079005046988,0.4785448037618919,0.6720819854030717,0.1802147747426896,0.8376266038625277,0.6166337166507576,0.5068169966337734,0.7754415737962153,0.20883646478210877,0.021420704031561242,0.030531166850997018,0.000146071,
,,,,,,,,,,,,,,,,,,,,,,,,,,,,,,,,,,,,,,,,,,,,,,,,,,
,0.004496262,0.001430231,0.000617077,0.006473464,0.00152422,0.036323689,0.057678594,0.001304193,0.001323611,0.005082002,0.008054347,0.002053117,0.004524921,0.000839563,0.001387639,0.001582395,0.000267308,0.01867209,0.000152077,0.007006532,0.000589936,0.001901359,0.000374713,0.005240619,0.019091746,0.020559851,0.00312324,0.008534655,0.000741256,0.002345086,0.000138382,0.000718666,0.00476167,0.009353815,0.00247466,0.000192014,0.010659153,0.000374056,0.005001695,0.004445669,0.000311246,0.007351816,0.001578969,0.017231257,0.068966519,0.002608436,0.019120655,0.014262712,0.000146071,
,Reg_41,Reg_33,Reg_6,Reg_9,Reg_20,Reg_3,Reg_19,Reg_13,Reg_34,Reg_30,Reg_28,Reg_23,Reg_19,Reg_44,Reg_41,Reg_20,Reg_35,Reg_26,Reg_29,Reg_11,Reg_19,Reg_5,Reg_35,Reg_12,Reg_22,Reg_48,Reg_42,Reg_30,Reg_10,Reg_22,Reg_20,Reg_27,Reg_36,Reg_43,Reg_15,Reg_23,Reg_42,Reg_15,Reg_18,Reg_10,Reg_21,Reg_18,Reg_29,Reg_7,Reg_22,Reg_4,Reg_1,Reg_19,Reg_49,
,99.550%,99.857%,99.938%,99.353%,99.848%,96.368%,94.232%,99.870%,99.868%,99.492%,99.195%,99.795%,99.548%,99.916%,99.861%,99.842%,99.973%,98.133%,99.985%,99.299%,99.941%,99.810%,99.963%,99.476%,98.091%,97.944%,99.688%,99.147%,99.926%,99.765%,99.986%,99.928%,99.524%,99.065%,99.753%,99.981%,98.934%,99.963%,99.500%,99.555%,99.969%,99.265%,99.842%,98.277%,93.103%,99.739%,98.088%,98.574%,99.985%,
0.99985,,,,,,,,,,,,,,,,,,,,,,,,,,,,,,,Reg_20,,,,,,,,,,,,,,,,,,Reg_49,
,Target_0,Target_1,Target_2,Target_3,Target_4,Target_5,Target_6,Target_7,Target_8,Target_9,Target_10,Target_11,Target_12,Target_13,Target_14,Target_15,Target_16,Target_17,Target_18,Target_19,Target_20,Target_21,Target_22,Target_23,Target_24,Target_25,Target_26,Target_27,Target_28,Target_29,Target_30,Target_31,Target_32,Target_33,Target_34,Target_35,Target_36,Target_37,Target_38,Target_39,Target_40,Target_41,Target_42,Target_43,Target_44,Target_45,Target_46,Target_47,Target_48,
,,,,,,,,,,,,,,,,,,,,,,,,,,,,,,,,,,,,,,,,,,,,,,,,,,
0.15006475,0.00284517,-0.0034607,-0.04404592,-0.02578151,-0.00815093,-0.01916092,0.01853591,0.00369246,-0.05679936,-0.04353612,-0.05325325,-0.01569618,0.06534124,0.08283262,0.01836102,0.05869766,0.03080574,0.04785769,-0.0078912,0.01276704,-0.01010991,0.01942467,0.06277642,-0.05066879,0.02316904,-0.02953176,0.03654063,-0.0156397,-0.04909351,0.01196927,0.09204374,0.01579265,0.15006475,0.00450538,0.00776873,-0.00314648,0.04303684,0.00782117,0.0134733,0.05610031,-0.0373153,0.01132294,0.04751722,-0.00023817,0.02116844,-0.03227316,0.0540022,0.02433985,0.01816688,